timestamp,contract,entry_price,ml_signal,ml_confidence,meteorologist_sentiment,meteorologist_summary,macro_sentiment,macro_summary,geopolitical_sentiment,geopolitical_summary,fundamentalist_sentiment,fundamentalist_summary,sentiment_sentiment,sentiment_summary,technical_sentiment,technical_summary,master_decision,master_confidence,master_reasoning,compliance_approved,exit_price,exit_timestamp,pnl_realized,actual_trend_direction
2026-01-11 21:27:21,KCK6 (202605),338.25,LONG,0.005037630042802105,BEARISH,"[EVIDENCE]
*   **01/09/2026 (Brazil - Past):** Somar Meteorologia reported Minas Gerais received **47.9 mm** of rain for the week ended Jan 2, which was only **67% of the historical average** [Source: Somar/Nasdaq].
*   **01/11/2026 (Brazil - Forecast):** Forecasts for the next 10 days in Minas Gerais indicate a shift to ""wet and stormy conditions,"" with heavy rain expected Sunday (approx. **34.4 mm**) and continued precipitation through the week, easing prior drought concerns [Source: EaseWeather/Bitget].
*   **01/05/2026 (Vietnam - Supply/Weather):** Vietnam's General Statistics Office reported 2025 coffee exports jumped **+17.5% y/y** to 1.58 MMT. Weather forecasts for the Central Highlands now lean toward ""drier conditions overall,"" aligning with the typical dry season and facilitating the late harvest/drying after November's typhoon delays [Source: Barchart/VietCoffeeTraders].

[ANALYSIS]
*   **Brazil (Arabica):** The market was previously pricing in a ""weather premium"" due to the recent dry spell (67% of avg rain). However, the **Delta Check** is negative (Bearish): the 10-day forecast shows significant moisture returning during the critical **Fruit Filling** stage. This rain is beneficial for bean size and reduces stress, negating the bullish sentiment from last week's dryness.
*   **Vietnam (Robusta):** The return to typical dry season weather is accelerating the flow of beans to ports, evidenced by the surge in exports (+17.5%). The supply chain bottleneck from November storms has cleared, unleashing volume into the market.

[SENTIMENT TAG]
[SENTIMENT: BEARISH]",N/A,"Error conducting research: 429 RESOURCE_EXHAUSTED. {'error': {'code': 429, 'message': 'You exceeded your current quota, please check your plan and billing details. For more information on this error, head to: https://ai.google.dev/gemini-api/docs/rate-limits. To monitor your current usage, head to: https://ai.dev/rate-limit. \n* Quota exceeded for metric: generativelanguage.googleapis.com/generate_requests_per_model, limit: 25, model: gemini-3-pro\nPlease retry in 23.318045176s.', 'status': 'RESOURCE_EXHAUSTED', 'details': [{'@type': 'type.googleapis.com/google.rpc.Help', 'links': [{'description': 'Learn more about Gemini API quotas', 'url': 'https://ai.google.dev/gemini-api/docs/rate-limits'}]}, {'@type': 'type.googleapis.com/google.rpc.QuotaFailure', 'violations': [{'quotaMetric': 'generativelanguage.googleapis.com/generate_requests_per_model', 'quotaId': 'GenerateRequestsPerMinutePerProjectPerModel', 'quotaDimensions': {'location': 'global', 'model': 'gemini-3-pro'}, 'quotaValue': '25'}]}, {'@type': 'type.googleapis.com/google.rpc.RetryInfo', 'retryDelay': '23s'}]}}",N/A,"Error conducting research: 429 RESOURCE_EXHAUSTED. {'error': {'code': 429, 'message': 'You exceeded your current quota, please check your plan and billing details. For more information on this error, head to: https://ai.google.dev/gemini-api/docs/rate-limits. To monitor your current usage, head to: https://ai.dev/rate-limit. \n* Quota exceeded for metric: generativelanguage.googleapis.com/generate_requests_per_model, limit: 25, model: gemini-3-pro\nPlease retry in 23.318085078s.', 'status': 'RESOURCE_EXHAUSTED', 'details': [{'@type': 'type.googleapis.com/google.rpc.Help', 'links': [{'description': 'Learn more about Gemini API quotas', 'url': 'https://ai.google.dev/gemini-api/docs/rate-limits'}]}, {'@type': 'type.googleapis.com/google.rpc.QuotaFailure', 'violations': [{'quotaMetric': 'generativelanguage.googleapis.com/generate_requests_per_model', 'quotaId': 'GenerateRequestsPerMinutePerProjectPerModel', 'quotaDimensions': {'location': 'global', 'model': 'gemini-3-pro'}, 'quotaValue': '25'}]}, {'@type': 'type.googleapis.com/google.rpc.RetryInfo', 'retryDelay': '23s'}]}}",N/A,"Error conducting research: 429 RESOURCE_EXHAUSTED. {'error': {'code': 429, 'message': 'You exceeded your current quota, please check your plan and billing details. For more information on this error, head to: https://ai.google.dev/gemini-api/docs/rate-limits. To monitor your current usage, head to: https://ai.dev/rate-limit. \n* Quota exceeded for metric: generativelanguage.googleapis.com/generate_requests_per_model, limit: 25, model: gemini-3-pro\nPlease retry in 23.318226096s.', 'status': 'RESOURCE_EXHAUSTED', 'details': [{'@type': 'type.googleapis.com/google.rpc.Help', 'links': [{'description': 'Learn more about Gemini API quotas', 'url': 'https://ai.google.dev/gemini-api/docs/rate-limits'}]}, {'@type': 'type.googleapis.com/google.rpc.QuotaFailure', 'violations': [{'quotaMetric': 'generativelanguage.googleapis.com/generate_requests_per_model', 'quotaId': 'GenerateRequestsPerMinutePerProjectPerModel', 'quotaDimensions': {'location': 'global', 'model': 'gemini-3-pro'}, 'quotaValue': '25'}]}, {'@type': 'type.googleapis.com/google.rpc.RetryInfo', 'retryDelay': '23s'}]}}",N/A,"Error conducting research: 429 RESOURCE_EXHAUSTED. {'error': {'code': 429, 'message': 'You exceeded your current quota, please check your plan and billing details. For more information on this error, head to: https://ai.google.dev/gemini-api/docs/rate-limits. To monitor your current usage, head to: https://ai.dev/rate-limit. \n* Quota exceeded for metric: generativelanguage.googleapis.com/generate_requests_per_model, limit: 25, model: gemini-3-pro\nPlease retry in 23.318354243s.', 'status': 'RESOURCE_EXHAUSTED', 'details': [{'@type': 'type.googleapis.com/google.rpc.Help', 'links': [{'description': 'Learn more about Gemini API quotas', 'url': 'https://ai.google.dev/gemini-api/docs/rate-limits'}]}, {'@type': 'type.googleapis.com/google.rpc.QuotaFailure', 'violations': [{'quotaMetric': 'generativelanguage.googleapis.com/generate_requests_per_model', 'quotaId': 'GenerateRequestsPerMinutePerProjectPerModel', 'quotaDimensions': {'location': 'global', 'model': 'gemini-3-pro'}, 'quotaValue': '25'}]}, {'@type': 'type.googleapis.com/google.rpc.RetryInfo', 'retryDelay': '23s'}]}}",N/A,"Error conducting research: 429 RESOURCE_EXHAUSTED. {'error': {'code': 429, 'message': 'You exceeded your current quota, please check your plan and billing details. For more information on this error, head to: https://ai.google.dev/gemini-api/docs/rate-limits. To monitor your current usage, head to: https://ai.dev/rate-limit. \n* Quota exceeded for metric: generativelanguage.googleapis.com/generate_requests_per_model, limit: 25, model: gemini-3-pro\nPlease retry in 23.317501512s.', 'status': 'RESOURCE_EXHAUSTED', 'details': [{'@type': 'type.googleapis.com/google.rpc.Help', 'links': [{'description': 'Learn more about Gemini API quotas', 'url': 'https://ai.google.dev/gemini-api/docs/rate-limits'}]}, {'@type': 'type.googleapis.com/google.rpc.QuotaFailure', 'violations': [{'quotaMetric': 'generativelanguage.googleapis.com/generate_requests_per_model', 'quotaId': 'GenerateRequestsPerMinutePerProjectPerModel', 'quotaDimensions': {'model': 'gemini-3-pro', 'location': 'global'}, 'quotaValue': '25'}]}, {'@type': 'type.googleapis.com/google.rpc.RetryInfo', 'retryDelay': '23s'}]}}",NEUTRAL,0.0,"Master Error: 429 RESOURCE_EXHAUSTED. {'error': {'code': 429, 'message': 'You exceeded your current quota, please check your plan and billing details. For more information on this error, head to: https://ai.google.dev/gemini-api/docs/rate-limits. To monitor your current usage, head to: https://ai.dev/rate-limit. \n* Quota exceeded for metric: generativelanguage.googleapis.com/generate_requests_per_model, limit: 25, model: gemini-3-pro\nPlease retry in 38.619967441s.', 'status': 'RESOURCE_EXHAUSTED', 'details': [{'@type': 'type.googleapis.com/google.rpc.Help', 'links': [{'description': 'Learn more about Gemini API quotas', 'url': 'https://ai.google.dev/gemini-api/docs/rate-limits'}]}, {'@type': 'type.googleapis.com/google.rpc.QuotaFailure', 'violations': [{'quotaMetric': 'generativelanguage.googleapis.com/generate_requests_per_model', 'quotaId': 'GenerateRequestsPerMinutePerProjectPerModel', 'quotaDimensions': {'location': 'global', 'model': 'gemini-3-pro'}, 'quotaValue': '25'}]}, {'@type': 'type.googleapis.com/google.rpc.RetryInfo', 'retryDelay': '38s'}]}}",True,,,,
2026-01-11 21:27:22,KCU6 (202609),325.1499938964844,NEUTRAL,0.0041965656219312844,N/A,"Error conducting research: 429 RESOURCE_EXHAUSTED. {'error': {'code': 429, 'message': 'You exceeded your current quota, please check your plan and billing details. For more information on this error, head to: https://ai.google.dev/gemini-api/docs/rate-limits. To monitor your current usage, head to: https://ai.dev/rate-limit. \n* Quota exceeded for metric: generativelanguage.googleapis.com/generate_requests_per_model, limit: 25, model: gemini-3-pro\nPlease retry in 37.956158356s.', 'status': 'RESOURCE_EXHAUSTED', 'details': [{'@type': 'type.googleapis.com/google.rpc.Help', 'links': [{'description': 'Learn more about Gemini API quotas', 'url': 'https://ai.google.dev/gemini-api/docs/rate-limits'}]}, {'@type': 'type.googleapis.com/google.rpc.QuotaFailure', 'violations': [{'quotaMetric': 'generativelanguage.googleapis.com/generate_requests_per_model', 'quotaId': 'GenerateRequestsPerMinutePerProjectPerModel', 'quotaDimensions': {'location': 'global', 'model': 'gemini-3-pro'}, 'quotaValue': '25'}]}, {'@type': 'type.googleapis.com/google.rpc.RetryInfo', 'retryDelay': '37s'}]}}",N/A,"Error conducting research: 429 RESOURCE_EXHAUSTED. {'error': {'code': 429, 'message': 'You exceeded your current quota, please check your plan and billing details. For more information on this error, head to: https://ai.google.dev/gemini-api/docs/rate-limits. To monitor your current usage, head to: https://ai.dev/rate-limit. \n* Quota exceeded for metric: generativelanguage.googleapis.com/generate_requests_per_model, limit: 25, model: gemini-3-pro\nPlease retry in 37.950299507s.', 'status': 'RESOURCE_EXHAUSTED', 'details': [{'@type': 'type.googleapis.com/google.rpc.Help', 'links': [{'description': 'Learn more about Gemini API quotas', 'url': 'https://ai.google.dev/gemini-api/docs/rate-limits'}]}, {'@type': 'type.googleapis.com/google.rpc.QuotaFailure', 'violations': [{'quotaMetric': 'generativelanguage.googleapis.com/generate_requests_per_model', 'quotaId': 'GenerateRequestsPerMinutePerProjectPerModel', 'quotaDimensions': {'location': 'global', 'model': 'gemini-3-pro'}, 'quotaValue': '25'}]}, {'@type': 'type.googleapis.com/google.rpc.RetryInfo', 'retryDelay': '37s'}]}}",N/A,"Error conducting research: 429 RESOURCE_EXHAUSTED. {'error': {'code': 429, 'message': 'You exceeded your current quota, please check your plan and billing details. For more information on this error, head to: https://ai.google.dev/gemini-api/docs/rate-limits. To monitor your current usage, head to: https://ai.dev/rate-limit. \n* Quota exceeded for metric: generativelanguage.googleapis.com/generate_requests_per_model, limit: 25, model: gemini-3-pro\nPlease retry in 37.914106005s.', 'status': 'RESOURCE_EXHAUSTED', 'details': [{'@type': 'type.googleapis.com/google.rpc.Help', 'links': [{'description': 'Learn more about Gemini API quotas', 'url': 'https://ai.google.dev/gemini-api/docs/rate-limits'}]}, {'@type': 'type.googleapis.com/google.rpc.QuotaFailure', 'violations': [{'quotaMetric': 'generativelanguage.googleapis.com/generate_requests_per_model', 'quotaId': 'GenerateRequestsPerMinutePerProjectPerModel', 'quotaDimensions': {'location': 'global', 'model': 'gemini-3-pro'}, 'quotaValue': '25'}]}, {'@type': 'type.googleapis.com/google.rpc.RetryInfo', 'retryDelay': '37s'}]}}",N/A,"Error conducting research: 429 RESOURCE_EXHAUSTED. {'error': {'code': 429, 'message': 'You exceeded your current quota, please check your plan and billing details. For more information on this error, head to: https://ai.google.dev/gemini-api/docs/rate-limits. To monitor your current usage, head to: https://ai.dev/rate-limit. \n* Quota exceeded for metric: generativelanguage.googleapis.com/generate_requests_per_model, limit: 25, model: gemini-3-pro\nPlease retry in 37.914264425s.', 'status': 'RESOURCE_EXHAUSTED', 'details': [{'@type': 'type.googleapis.com/google.rpc.Help', 'links': [{'description': 'Learn more about Gemini API quotas', 'url': 'https://ai.google.dev/gemini-api/docs/rate-limits'}]}, {'@type': 'type.googleapis.com/google.rpc.QuotaFailure', 'violations': [{'quotaMetric': 'generativelanguage.googleapis.com/generate_requests_per_model', 'quotaId': 'GenerateRequestsPerMinutePerProjectPerModel', 'quotaDimensions': {'location': 'global', 'model': 'gemini-3-pro'}, 'quotaValue': '25'}]}, {'@type': 'type.googleapis.com/google.rpc.RetryInfo', 'retryDelay': '37s'}]}}",N/A,"Error conducting research: 429 RESOURCE_EXHAUSTED. {'error': {'code': 429, 'message': 'You exceeded your current quota, please check your plan and billing details. For more information on this error, head to: https://ai.google.dev/gemini-api/docs/rate-limits. To monitor your current usage, head to: https://ai.dev/rate-limit. \n* Quota exceeded for metric: generativelanguage.googleapis.com/generate_requests_per_model, limit: 25, model: gemini-3-pro\nPlease retry in 37.953136221s.', 'status': 'RESOURCE_EXHAUSTED', 'details': [{'@type': 'type.googleapis.com/google.rpc.Help', 'links': [{'description': 'Learn more about Gemini API quotas', 'url': 'https://ai.google.dev/gemini-api/docs/rate-limits'}]}, {'@type': 'type.googleapis.com/google.rpc.QuotaFailure', 'violations': [{'quotaMetric': 'generativelanguage.googleapis.com/generate_requests_per_model', 'quotaId': 'GenerateRequestsPerMinutePerProjectPerModel', 'quotaDimensions': {'model': 'gemini-3-pro', 'location': 'global'}, 'quotaValue': '25'}]}, {'@type': 'type.googleapis.com/google.rpc.RetryInfo', 'retryDelay': '37s'}]}}",N/A,"Error conducting research: 429 RESOURCE_EXHAUSTED. {'error': {'code': 429, 'message': 'You exceeded your current quota, please check your plan and billing details. For more information on this error, head to: https://ai.google.dev/gemini-api/docs/rate-limits. To monitor your current usage, head to: https://ai.dev/rate-limit. \n* Quota exceeded for metric: generativelanguage.googleapis.com/generate_requests_per_model, limit: 25, model: gemini-3-pro\nPlease retry in 37.917524736s.', 'status': 'RESOURCE_EXHAUSTED', 'details': [{'@type': 'type.googleapis.com/google.rpc.Help', 'links': [{'description': 'Learn more about Gemini API quotas', 'url': 'https://ai.google.dev/gemini-api/docs/rate-limits'}]}, {'@type': 'type.googleapis.com/google.rpc.QuotaFailure', 'violations': [{'quotaMetric': 'generativelanguage.googleapis.com/generate_requests_per_model', 'quotaId': 'GenerateRequestsPerMinutePerProjectPerModel', 'quotaDimensions': {'location': 'global', 'model': 'gemini-3-pro'}, 'quotaValue': '25'}]}, {'@type': 'type.googleapis.com/google.rpc.RetryInfo', 'retryDelay': '37s'}]}}",NEUTRAL,0.0,"Master Error: 429 RESOURCE_EXHAUSTED. {'error': {'code': 429, 'message': 'You exceeded your current quota, please check your plan and billing details. For more information on this error, head to: https://ai.google.dev/gemini-api/docs/rate-limits. To monitor your current usage, head to: https://ai.dev/rate-limit. \n* Quota exceeded for metric: generativelanguage.googleapis.com/generate_requests_per_model, limit: 25, model: gemini-3-pro\nPlease retry in 37.702076255s.', 'status': 'RESOURCE_EXHAUSTED', 'details': [{'@type': 'type.googleapis.com/google.rpc.Help', 'links': [{'description': 'Learn more about Gemini API quotas', 'url': 'https://ai.google.dev/gemini-api/docs/rate-limits'}]}, {'@type': 'type.googleapis.com/google.rpc.QuotaFailure', 'violations': [{'quotaMetric': 'generativelanguage.googleapis.com/generate_requests_per_model', 'quotaId': 'GenerateRequestsPerMinutePerProjectPerModel', 'quotaDimensions': {'model': 'gemini-3-pro', 'location': 'global'}, 'quotaValue': '25'}]}, {'@type': 'type.googleapis.com/google.rpc.RetryInfo', 'retryDelay': '37s'}]}}",True,,,,
2026-01-11 21:27:23,KCZ6 (202612),319.3999938964844,NEUTRAL,0.003912212903129659,N/A,"Error conducting research: 429 RESOURCE_EXHAUSTED. {'error': {'code': 429, 'message': 'You exceeded your current quota, please check your plan and billing details. For more information on this error, head to: https://ai.google.dev/gemini-api/docs/rate-limits. To monitor your current usage, head to: https://ai.dev/rate-limit. \n* Quota exceeded for metric: generativelanguage.googleapis.com/generate_requests_per_model, limit: 25, model: gemini-3-pro\nPlease retry in 37.03523417s.', 'status': 'RESOURCE_EXHAUSTED', 'details': [{'@type': 'type.googleapis.com/google.rpc.Help', 'links': [{'description': 'Learn more about Gemini API quotas', 'url': 'https://ai.google.dev/gemini-api/docs/rate-limits'}]}, {'@type': 'type.googleapis.com/google.rpc.QuotaFailure', 'violations': [{'quotaMetric': 'generativelanguage.googleapis.com/generate_requests_per_model', 'quotaId': 'GenerateRequestsPerMinutePerProjectPerModel', 'quotaDimensions': {'model': 'gemini-3-pro', 'location': 'global'}, 'quotaValue': '25'}]}, {'@type': 'type.googleapis.com/google.rpc.RetryInfo', 'retryDelay': '37s'}]}}",N/A,"Error conducting research: 429 RESOURCE_EXHAUSTED. {'error': {'code': 429, 'message': 'You exceeded your current quota, please check your plan and billing details. For more information on this error, head to: https://ai.google.dev/gemini-api/docs/rate-limits. To monitor your current usage, head to: https://ai.dev/rate-limit. \n* Quota exceeded for metric: generativelanguage.googleapis.com/generate_requests_per_model, limit: 25, model: gemini-3-pro\nPlease retry in 37.030508712s.', 'status': 'RESOURCE_EXHAUSTED', 'details': [{'@type': 'type.googleapis.com/google.rpc.Help', 'links': [{'description': 'Learn more about Gemini API quotas', 'url': 'https://ai.google.dev/gemini-api/docs/rate-limits'}]}, {'@type': 'type.googleapis.com/google.rpc.QuotaFailure', 'violations': [{'quotaMetric': 'generativelanguage.googleapis.com/generate_requests_per_model', 'quotaId': 'GenerateRequestsPerMinutePerProjectPerModel', 'quotaDimensions': {'location': 'global', 'model': 'gemini-3-pro'}, 'quotaValue': '25'}]}, {'@type': 'type.googleapis.com/google.rpc.RetryInfo', 'retryDelay': '37s'}]}}",N/A,"Error conducting research: 429 RESOURCE_EXHAUSTED. {'error': {'code': 429, 'message': 'You exceeded your current quota, please check your plan and billing details. For more information on this error, head to: https://ai.google.dev/gemini-api/docs/rate-limits. To monitor your current usage, head to: https://ai.dev/rate-limit. \n* Quota exceeded for metric: generativelanguage.googleapis.com/generate_requests_per_model, limit: 25, model: gemini-3-pro\nPlease retry in 37.023432366s.', 'status': 'RESOURCE_EXHAUSTED', 'details': [{'@type': 'type.googleapis.com/google.rpc.Help', 'links': [{'description': 'Learn more about Gemini API quotas', 'url': 'https://ai.google.dev/gemini-api/docs/rate-limits'}]}, {'@type': 'type.googleapis.com/google.rpc.QuotaFailure', 'violations': [{'quotaMetric': 'generativelanguage.googleapis.com/generate_requests_per_model', 'quotaId': 'GenerateRequestsPerMinutePerProjectPerModel', 'quotaDimensions': {'location': 'global', 'model': 'gemini-3-pro'}, 'quotaValue': '25'}]}, {'@type': 'type.googleapis.com/google.rpc.RetryInfo', 'retryDelay': '37s'}]}}",N/A,"Error conducting research: 429 RESOURCE_EXHAUSTED. {'error': {'code': 429, 'message': 'You exceeded your current quota, please check your plan and billing details. For more information on this error, head to: https://ai.google.dev/gemini-api/docs/rate-limits. To monitor your current usage, head to: https://ai.dev/rate-limit. \n* Quota exceeded for metric: generativelanguage.googleapis.com/generate_requests_per_model, limit: 25, model: gemini-3-pro\nPlease retry in 37.027695337s.', 'status': 'RESOURCE_EXHAUSTED', 'details': [{'@type': 'type.googleapis.com/google.rpc.Help', 'links': [{'description': 'Learn more about Gemini API quotas', 'url': 'https://ai.google.dev/gemini-api/docs/rate-limits'}]}, {'@type': 'type.googleapis.com/google.rpc.QuotaFailure', 'violations': [{'quotaMetric': 'generativelanguage.googleapis.com/generate_requests_per_model', 'quotaId': 'GenerateRequestsPerMinutePerProjectPerModel', 'quotaDimensions': {'location': 'global', 'model': 'gemini-3-pro'}, 'quotaValue': '25'}]}, {'@type': 'type.googleapis.com/google.rpc.RetryInfo', 'retryDelay': '37s'}]}}",N/A,"Error conducting research: 429 RESOURCE_EXHAUSTED. {'error': {'code': 429, 'message': 'You exceeded your current quota, please check your plan and billing details. For more information on this error, head to: https://ai.google.dev/gemini-api/docs/rate-limits. To monitor your current usage, head to: https://ai.dev/rate-limit. \n* Quota exceeded for metric: generativelanguage.googleapis.com/generate_requests_per_model, limit: 25, model: gemini-3-pro\nPlease retry in 37.036709391s.', 'status': 'RESOURCE_EXHAUSTED', 'details': [{'@type': 'type.googleapis.com/google.rpc.Help', 'links': [{'description': 'Learn more about Gemini API quotas', 'url': 'https://ai.google.dev/gemini-api/docs/rate-limits'}]}, {'@type': 'type.googleapis.com/google.rpc.QuotaFailure', 'violations': [{'quotaMetric': 'generativelanguage.googleapis.com/generate_requests_per_model', 'quotaId': 'GenerateRequestsPerMinutePerProjectPerModel', 'quotaDimensions': {'model': 'gemini-3-pro', 'location': 'global'}, 'quotaValue': '25'}]}, {'@type': 'type.googleapis.com/google.rpc.RetryInfo', 'retryDelay': '37s'}]}}",N/A,"Error conducting research: 429 RESOURCE_EXHAUSTED. {'error': {'code': 429, 'message': 'You exceeded your current quota, please check your plan and billing details. For more information on this error, head to: https://ai.google.dev/gemini-api/docs/rate-limits. To monitor your current usage, head to: https://ai.dev/rate-limit. \n* Quota exceeded for metric: generativelanguage.googleapis.com/generate_requests_per_model, limit: 25, model: gemini-3-pro\nPlease retry in 37.03258532s.', 'status': 'RESOURCE_EXHAUSTED', 'details': [{'@type': 'type.googleapis.com/google.rpc.Help', 'links': [{'description': 'Learn more about Gemini API quotas', 'url': 'https://ai.google.dev/gemini-api/docs/rate-limits'}]}, {'@type': 'type.googleapis.com/google.rpc.QuotaFailure', 'violations': [{'quotaMetric': 'generativelanguage.googleapis.com/generate_requests_per_model', 'quotaId': 'GenerateRequestsPerMinutePerProjectPerModel', 'quotaDimensions': {'model': 'gemini-3-pro', 'location': 'global'}, 'quotaValue': '25'}]}, {'@type': 'type.googleapis.com/google.rpc.RetryInfo', 'retryDelay': '37s'}]}}",NEUTRAL,0.0,"Master Error: 429 RESOURCE_EXHAUSTED. {'error': {'code': 429, 'message': 'You exceeded your current quota, please check your plan and billing details. For more information on this error, head to: https://ai.google.dev/gemini-api/docs/rate-limits. To monitor your current usage, head to: https://ai.dev/rate-limit. \n* Quota exceeded for metric: generativelanguage.googleapis.com/generate_requests_per_model, limit: 25, model: gemini-3-pro\nPlease retry in 36.815868469s.', 'status': 'RESOURCE_EXHAUSTED', 'details': [{'@type': 'type.googleapis.com/google.rpc.Help', 'links': [{'description': 'Learn more about Gemini API quotas', 'url': 'https://ai.google.dev/gemini-api/docs/rate-limits'}]}, {'@type': 'type.googleapis.com/google.rpc.QuotaFailure', 'violations': [{'quotaMetric': 'generativelanguage.googleapis.com/generate_requests_per_model', 'quotaId': 'GenerateRequestsPerMinutePerProjectPerModel', 'quotaDimensions': {'location': 'global', 'model': 'gemini-3-pro'}, 'quotaValue': '25'}]}, {'@type': 'type.googleapis.com/google.rpc.RetryInfo', 'retryDelay': '36s'}]}}",True,,,,
2026-01-11 21:27:26,KCH6 (202603),356.04998779296875,LONG,0.00540954140656128,BEARISH,"[EVIDENCE]
1. **Brazil (Minas Gerais):** Somar Meteorologia reports Minas Gerais received **47.9 mm** of rain for the week ending Jan 2, which was **67% of the historical average** (dry bias) [Source: Somar Meteorologia]. However, current forecasts predict ""rainfall across central Brazil in the coming week,"" which has ""eased previous worries about dry conditions"" [Source: Barchart/Bitget].
2. **Vietnam (Robusta):** Vietnam's General Statistics Office reports 2025 coffee exports jumped **+17.5% YoY** to 1.58 MMT [Source: Vietnam National Statistics Office].
3. **Vietnam Weather:** After heavy rains/floods disrupted the harvest in Nov/Dec, the medium-term forecast (Jan-Apr) now ""leans toward drier conditions,"" aligning with the typical dry season and facilitating the completion of the harvest [Source: VietCoffeeTraders].

[ANALYSIS]
*   **Brazil (Arabica):** The weather delta is **Bearish**. While the past week's data (Jan 2) showed a moisture deficit (Bullish), the *forecast* has flipped to wetter conditions. Rain during the current ""Fruit Filling"" stage is highly beneficial for bean development and yield, negating the stress from the recent dry spell. The market is pricing in this relief.
*   **Vietnam (Robusta):** The situation is **Bearish**. The massive surge in exports (+17.5%) proves that supply is flowing despite earlier weather logistical bottlenecks. The return to dry weather (seasonally appropriate) ensures the remaining harvest can be dried and shipped efficiently, removing supply constraint fears.

[SENTIMENT: BEARISH]",BULLISH,"[EVIDENCE]
*   **Current Rate & Trend:** USD/BRL closed at **5.3713** on Jan 9, 2026, strengthening **1.86%** over the past month (Trading Economics).
*   **Velocity Check:** The largest 24-hour movement in the last week was **-0.47%** (strengthening) on Jan 6, 2026, well below the >1% trigger for panic selling (Wise).
*   **Central Bank Policy:** The Banco Central do Brasil (Copom) maintained the Selic rate at **15.00%** in its December 2025 meeting to combat inflation expectations of 4.2% for 2026 (Banco Central do Brasil).
*   **Forecast:** Trading Economics projects the Real to strengthen further to **5.32** by the end of Q1 2026; UBS analysts previously forecasted a rate of 5.50 by mid-2026, indicating current performance is outperforming bearish expectations.

[ANALYSIS]
The data indicates a **strengthening BRL** environment driven by a high carry trade (15% Selic) and cooling inflation data. The rate of change is negative (USD weakening against BRL) and lacks the volatility (>1% spikes) required to trigger the ""Farmer Selling"" algorithm.
*   **Farmer Psychology:** With the BRL appreciating toward 5.37, farmers receive fewer Reais per bag of coffee. This disincentivizes selling and encourages hoarding inventory to wait for a more favorable exchange rate.
*   **Supply Impact:** The lack of currency-driven selling pressure restricts immediate coffee supply from Brazil.
*   **Conclusion:** The currency dynamic is currently acting as a supply throttle rather than a flush valve.

[SENTIMENT: BULLISH]",BULLISH,"[EVIDENCE]
1. **Brazil Port of Santos (New/Worsening):** As of Dec 8, 2025, the Port of Santos (handling 79% of coffee exports) reached a ""breaking point"" with **61-day waiting times** recorded in Oct 2025. **73% of vessels** faced delays, leaving ~680,000 bags unexported in a single month (Source: Cultivar Magazine).
2. **Red Sea (Old/Stale):** On Jan 2, 2026, the Gemini alliance (Maersk/Hapag-Lloyd) confirmed they have **""no specific timing""** to return to the Suez Canal, rejecting rumors of a restart. They continue to route via Cape of Good Hope (Source: Maersk/Hapag-Lloyd Update).
3. **EUDR Regulation (Resolved):** On Jan 6, 2026, the EU officially delayed the deforestation regulation (EUDR) for a second time, pushing the compliance deadline to **Dec 31, 2026** for large operators (Source: Mongabay).

[ANALYSIS]
The **EUDR delay** removes the immediate ""regulatory cliff"" that threatened to strand supply in early 2026, which is technically bearish (eases panic buying). However, this is overshadowed by a severe **physical bottleneck** at the Port of Santos. The **Red Sea** diversion is now the ""old normal"" and priced in; the *new* critical risk is Brazil's inability to physically ship its harvest due to 60+ day port delays. This effectively restricts global supply despite the coffee existing on the ground.

[SENTIMENT: BULLISH]",BULLISH,"[EVIDENCE]
1.  **ICE Arabica Certified Stocks**: As of January 9, 2026, stocks stand at **461,829 bags** (Source: MacroMicro / Trading Economics). This represents a critical low, down significantly from ~991,000 bags one year prior.
2.  **Price Structure**: The market remains in **backwardation** (Spot Premium), with spot prices trading around **356.05 - 363.85 USd/lb** (Jan 9, 2026), signaling immediate physical tightness.
3.  **Vietnam Exports**: Vietnam exports are recovering, with forecasts of **25 million bags** for the 2025 calendar year (up from previous lows), but this supply is being absorbed by high demand, keeping prices elevated (Source: Comunicaffe).
4.  **Brazil Context**: ""Severe heatwave"" and ""below-average rainfall"" in Brazil are actively threatening the 2026/27 crop potential, adding a risk premium to the already tight certified inventory.

[ANALYSIS]
The ""Market Buffer"" is effectively depleted. With ICE Certified Stocks hovering near **460k bags**, we are well below the **500k bag threshold**, triggering the **Bullish Multiplier**. In this zone, every minor supply disruption (like the current Brazil weather reports) causes outsized price volatility because there is no inventory cushion to absorb the shock. The persistent **backwardation** confirms that roasters are paying a premium for immediate delivery rather than storing coffee, validating the physical scarcity narrative. While Vietnam's export recovery offers some relief to the Robusta side, the Arabica deficit remains structural and acute.

[SENTIMENT: BULLISH]",NEUTRAL,"[EVIDENCE]
*   **COT Report Date:** January 6, 2026 (Released Jan 9, 2026).
*   **Non-Commercial Net Longs:** 30,536 contracts (Long: 56,382 | Short: 25,846).
*   **Managed Money Positioning:** Net Long 33,697 contracts; described as ""rebuilding"" rather than peaking.
*   **Price Action:** March '26 Arabica Coffee closed at 356.05 cents/lb on Jan 9, 2026, down -14.70 (-3.95%) on forecasts of rain in Brazil.
*   **Open Interest:** 170,823 contracts (Jan 6), up from ~161k in late December, but down 11% year-over-year.

[ANALYSIS]
Current data indicates the market is **not** historically overbought. Non-Commercial Net Longs (~30k) are well below historic extremes (typically >50k-60k lots during crowded peaks). Funds are in a ""rebuilding"" phase following a liquidation period in late 2025, suggesting moderate bullish conviction rather than an overcrowded trade. The recent sharp price drop (-4%) is driven by fundamental weather news (Brazil rains easing dryness) rather than a structural unwind of excessive speculative length. While Open Interest has risen recently alongside prices, the positioning does not yet signal a dangerous ""Crowded Long"" extreme.

[SENTIMENT: NEUTRAL]",BEARISH,"[EVIDENCE]:
1. **Price Action:** March 2026 Coffee (KCH26) closed at **357.65** cents/lb on Friday, Jan 9, 2026, plummeting **-14.70 (-3.95%)** for the session [Source: Barchart].
2. **Key Moving Averages:** The price has sliced through the **50-Day MA (368.34)** and **100-Day MA (359.49)**, and is currently testing the critical **200-Day MA (357.52)**. Investing.com technicals signal ""Strong Sell"" across all major moving averages [Source: Investing.com].
3. **Support/Resistance:** The market failed a breakout attempt at the **385.00** resistance level earlier in the week. Immediate support is now critical at **351.50** (1st Support) and **345.35** (2nd Support) [Source: Barchart].
4. **Momentum:** RSI (14) is flashing **24.62 (Oversold)** on some timeframes, indicating intense selling pressure. Volume was significant at **18,736** contracts, confirming the liquidation move [Source: Investing.com, Barchart].

[ANALYSIS]:
The market structure has shifted violently from a potential breakout to a liquidation phase. The rejection at the **385.00** psychological level triggered a cascade of selling that breached the 50-day and 100-day moving averages on high volume. The price is now precariously sitting on the **200-day moving average (357.52)**. A close below this level would confirm a long-term trend reversal and likely trigger further stop-loss selling toward the 351.50 and 345.00 zones. The ""Oversold"" RSI suggests a potential dead-cat bounce, but the momentum is undeniably destructive.

[SENTIMENT: BEARISH]",NEUTRAL,0.0,"Master Error: 429 RESOURCE_EXHAUSTED. {'error': {'code': 429, 'message': 'You exceeded your current quota, please check your plan and billing details. For more information on this error, head to: https://ai.google.dev/gemini-api/docs/rate-limits. To monitor your current usage, head to: https://ai.dev/rate-limit. \n* Quota exceeded for metric: generativelanguage.googleapis.com/generate_requests_per_model, limit: 25, model: gemini-3-pro\nPlease retry in 33.949740583s.', 'status': 'RESOURCE_EXHAUSTED', 'details': [{'@type': 'type.googleapis.com/google.rpc.Help', 'links': [{'description': 'Learn more about Gemini API quotas', 'url': 'https://ai.google.dev/gemini-api/docs/rate-limits'}]}, {'@type': 'type.googleapis.com/google.rpc.QuotaFailure', 'violations': [{'quotaMetric': 'generativelanguage.googleapis.com/generate_requests_per_model', 'quotaId': 'GenerateRequestsPerMinutePerProjectPerModel', 'quotaDimensions': {'location': 'global', 'model': 'gemini-3-pro'}, 'quotaValue': '25'}]}, {'@type': 'type.googleapis.com/google.rpc.RetryInfo', 'retryDelay': '33s'}]}}",True,,,,
2026-01-11 21:27:29,KCN6 (202607),331.3999938964844,NEUTRAL,0.004629821450676674,N/A,"Error conducting research: 429 RESOURCE_EXHAUSTED. {'error': {'code': 429, 'message': 'You exceeded your current quota, please check your plan and billing details. For more information on this error, head to: https://ai.google.dev/gemini-api/docs/rate-limits. To monitor your current usage, head to: https://ai.dev/rate-limit. \n* Quota exceeded for metric: generativelanguage.googleapis.com/generate_requests_per_model, limit: 25, model: gemini-3-pro\nPlease retry in 23.318164153s.', 'status': 'RESOURCE_EXHAUSTED', 'details': [{'@type': 'type.googleapis.com/google.rpc.Help', 'links': [{'description': 'Learn more about Gemini API quotas', 'url': 'https://ai.google.dev/gemini-api/docs/rate-limits'}]}, {'@type': 'type.googleapis.com/google.rpc.QuotaFailure', 'violations': [{'quotaMetric': 'generativelanguage.googleapis.com/generate_requests_per_model', 'quotaId': 'GenerateRequestsPerMinutePerProjectPerModel', 'quotaDimensions': {'model': 'gemini-3-pro', 'location': 'global'}, 'quotaValue': '25'}]}, {'@type': 'type.googleapis.com/google.rpc.RetryInfo', 'retryDelay': '23s'}]}}",N/A,"Error conducting research: 429 RESOURCE_EXHAUSTED. {'error': {'code': 429, 'message': 'You exceeded your current quota, please check your plan and billing details. For more information on this error, head to: https://ai.google.dev/gemini-api/docs/rate-limits. To monitor your current usage, head to: https://ai.dev/rate-limit. \n* Quota exceeded for metric: generativelanguage.googleapis.com/generate_requests_per_model, limit: 25, model: gemini-3-pro\nPlease retry in 23.318179944s.', 'status': 'RESOURCE_EXHAUSTED', 'details': [{'@type': 'type.googleapis.com/google.rpc.Help', 'links': [{'description': 'Learn more about Gemini API quotas', 'url': 'https://ai.google.dev/gemini-api/docs/rate-limits'}]}, {'@type': 'type.googleapis.com/google.rpc.QuotaFailure', 'violations': [{'quotaMetric': 'generativelanguage.googleapis.com/generate_requests_per_model', 'quotaId': 'GenerateRequestsPerMinutePerProjectPerModel', 'quotaDimensions': {'model': 'gemini-3-pro', 'location': 'global'}, 'quotaValue': '25'}]}, {'@type': 'type.googleapis.com/google.rpc.RetryInfo', 'retryDelay': '23s'}]}}",N/A,"Error conducting research: 429 RESOURCE_EXHAUSTED. {'error': {'code': 429, 'message': 'You exceeded your current quota, please check your plan and billing details. For more information on this error, head to: https://ai.google.dev/gemini-api/docs/rate-limits. To monitor your current usage, head to: https://ai.dev/rate-limit. \n* Quota exceeded for metric: generativelanguage.googleapis.com/generate_requests_per_model, limit: 25, model: gemini-3-pro\nPlease retry in 23.318046826s.', 'status': 'RESOURCE_EXHAUSTED', 'details': [{'@type': 'type.googleapis.com/google.rpc.Help', 'links': [{'description': 'Learn more about Gemini API quotas', 'url': 'https://ai.google.dev/gemini-api/docs/rate-limits'}]}, {'@type': 'type.googleapis.com/google.rpc.QuotaFailure', 'violations': [{'quotaMetric': 'generativelanguage.googleapis.com/generate_requests_per_model', 'quotaId': 'GenerateRequestsPerMinutePerProjectPerModel', 'quotaDimensions': {'location': 'global', 'model': 'gemini-3-pro'}, 'quotaValue': '25'}]}, {'@type': 'type.googleapis.com/google.rpc.RetryInfo', 'retryDelay': '23s'}]}}",BULLISH,"[EVIDENCE]
*   **ICE Arabica Certified Stocks (Jan 8, 2026):** 461,469 bags (Source: MacroMicro/ICE Data). This represents a critical low, hovering near the 455,000-bag level seen in late December 2025.
*   **Market Structure (Jan 2026):** The market is in **Backwardation** (Spot Price > Future Price), with Arabica futures trading around **$3.56/lb** (Jan 9, 2026). This inversion signals acute physical tightness.
*   **Brazil Production (2025/26 Forecast):** FAS projects a **-3.1% decline** in Brazil's output to 63 million bags due to ""below-average rainfall and severe heatwaves"" in Minas Gerais (Source: Barchart/FAS).
*   **Vietnam Exports (2025):** Exports surged **+17.5%** year-on-year to 1.58 MMT, providing some relief, but not enough to offset the Arabica deficit (Source: Vietnam National Statistics Office).

[ANALYSIS]
The ""Market Buffer"" is effectively depleted. With ICE Certified Stocks below the **500k bag threshold**, the **Bullish Multiplier** is fully active, meaning any weather threat (like the current Brazilian heatwave) will cause outsized price volatility. The persistence of **backwardation** confirms that roasters are paying a premium for immediate delivery, validating the physical shortage despite Vietnam's strong export numbers. The market lacks the inventory cushion to absorb further supply shocks.

[SENTIMENT: BULLISH]",N/A,"Error conducting research: 429 RESOURCE_EXHAUSTED. {'error': {'code': 429, 'message': 'You exceeded your current quota, please check your plan and billing details. For more information on this error, head to: https://ai.google.dev/gemini-api/docs/rate-limits. To monitor your current usage, head to: https://ai.dev/rate-limit. \n* Quota exceeded for metric: generativelanguage.googleapis.com/generate_requests_per_model, limit: 25, model: gemini-3-pro\nPlease retry in 23.318363521s.', 'status': 'RESOURCE_EXHAUSTED', 'details': [{'@type': 'type.googleapis.com/google.rpc.Help', 'links': [{'description': 'Learn more about Gemini API quotas', 'url': 'https://ai.google.dev/gemini-api/docs/rate-limits'}]}, {'@type': 'type.googleapis.com/google.rpc.QuotaFailure', 'violations': [{'quotaMetric': 'generativelanguage.googleapis.com/generate_requests_per_model', 'quotaId': 'GenerateRequestsPerMinutePerProjectPerModel', 'quotaDimensions': {'location': 'global', 'model': 'gemini-3-pro'}, 'quotaValue': '25'}]}, {'@type': 'type.googleapis.com/google.rpc.RetryInfo', 'retryDelay': '23s'}]}}",N/A,"Error conducting research: 429 RESOURCE_EXHAUSTED. {'error': {'code': 429, 'message': 'You exceeded your current quota, please check your plan and billing details. For more information on this error, head to: https://ai.google.dev/gemini-api/docs/rate-limits. To monitor your current usage, head to: https://ai.dev/rate-limit. \n* Quota exceeded for metric: generativelanguage.googleapis.com/generate_requests_per_model, limit: 25, model: gemini-3-pro\nPlease retry in 23.318082582s.', 'status': 'RESOURCE_EXHAUSTED', 'details': [{'@type': 'type.googleapis.com/google.rpc.Help', 'links': [{'description': 'Learn more about Gemini API quotas', 'url': 'https://ai.google.dev/gemini-api/docs/rate-limits'}]}, {'@type': 'type.googleapis.com/google.rpc.QuotaFailure', 'violations': [{'quotaMetric': 'generativelanguage.googleapis.com/generate_requests_per_model', 'quotaId': 'GenerateRequestsPerMinutePerProjectPerModel', 'quotaDimensions': {'location': 'global', 'model': 'gemini-3-pro'}, 'quotaValue': '25'}]}, {'@type': 'type.googleapis.com/google.rpc.RetryInfo', 'retryDelay': '23s'}]}}",NEUTRAL,0.0,"Master Error: 429 RESOURCE_EXHAUSTED. {'error': {'code': 429, 'message': 'You exceeded your current quota, please check your plan and billing details. For more information on this error, head to: https://ai.google.dev/gemini-api/docs/rate-limits. To monitor your current usage, head to: https://ai.dev/rate-limit. \n* Quota exceeded for metric: generativelanguage.googleapis.com/generate_requests_per_model, limit: 25, model: gemini-3-pro\nPlease retry in 30.234911529s.', 'status': 'RESOURCE_EXHAUSTED', 'details': [{'@type': 'type.googleapis.com/google.rpc.Help', 'links': [{'description': 'Learn more about Gemini API quotas', 'url': 'https://ai.google.dev/gemini-api/docs/rate-limits'}]}, {'@type': 'type.googleapis.com/google.rpc.QuotaFailure', 'violations': [{'quotaMetric': 'generativelanguage.googleapis.com/generate_requests_per_model', 'quotaId': 'GenerateRequestsPerMinutePerProjectPerModel', 'quotaDimensions': {'location': 'global', 'model': 'gemini-3-pro'}, 'quotaValue': '25'}]}, {'@type': 'type.googleapis.com/google.rpc.RetryInfo', 'retryDelay': '30s'}]}}",True,,,,
2026-01-11 22:26:16,KCH6 (202603),356.04998779296875,LONG,0.00540954140656128,BEARISH,"[EVIDENCE]
*   **Brazil Rain (Past):** Somar Meteorologia reports Minas Gerais received **47.9 mm** of rain (67% of historical average) for the week ending Jan 2, 2026 [Source: Barchart/Somar].
*   **Brazil Forecast (Future):** Weather models confirm a **""wetter bias""** for the last third of January driven by an MJO shift. Specific forecasts for Minas Gerais show heavy incoming precipitation, with one model predicting up to **93.6 mm** on Monday alone [Source: Climate Impact Company, EaseWeather].
*   **Vietnam Supply:** Vietnam's 2025 coffee exports surged **+17.5% y/y** to 1.58 MMT. Current Central Highlands weather is stable with ""scattered showers"" and cool nights (11-14Â°C), facilitating logistics [Source: Lao Dong, Vietnam.vn].

[ANALYSIS]
**Delta Check: Wetter (Bearish).**
The weather narrative has flipped. The ""dry-to-drought"" concern that previously supported Arabica prices is being dismantled by the forecast of substantial rains in Minas Gerais.
*   **Brazil (Arabica):** We are in the critical **Fruit Filling** stage. The incoming moisture is highly beneficial, relieving moisture stress and improving bean development prospects. The market views this ""relief of dryness"" as a signal to sell the weather premium. *Note: The intensity (90mm+) bears watching for potential flooding/cherry drop, but the immediate reaction is bearish relief.*
*   **Vietnam (Robusta):** The massive jump in exports (+17.5%) combined with benign weather confirms that the Robusta supply valve is fully open, adding further downward pressure on global prices.

[SENTIMENT: BEARISH]",BULLISH,"[EVIDENCE]
*   **Current Rate:** USD/BRL closed at **5.3713** on January 9, 2026, declining **0.30%** for the session and remaining relatively flat (+0.05%) on January 8 (Trading Economics, Investing.com).
*   **Trend & Volatility:** The Real has strengthened approximately **1.9%** since the start of the year (opening around 5.47 on Jan 1), with no sudden upside spikes (>1% weakening) observed in the last 48 hours.
*   **Monetary Policy:** The Brazil Central Bank (BCB) has maintained the Selic rate at a restrictive **15.00%**, though Capital Economics forecasts the easing cycle could begin as early as January 2026 to address softening inflation (Capital Economics, Trading Economics).
*   **Forecast:** Trading Economics models project the USD/BRL to slide further to **5.32** by the end of Q1 2026, signaling continued BRL strength.

[ANALYSIS]
*   **Rate of Change:** The currency velocity is currently negative (BRL strengthening), violating the ""Sudden Spike"" rule for farmer selling. The market is seeing a steady drift lower in USD/BRL rather than the sharp upward volatility that triggers liquidation.
*   **Farmer Psychology:** A strengthening Real reduces the BRL-denominated revenue for exporters. With the exchange rate moving against them (fewer Reais per Dollar), farmers are financially incentivized to **hoard inventory** and wait for a more favorable exchange rate, effectively restricting immediate supply.
*   **Supply/Demand Implication:** The combination of a high Selic rate (15%) and a strengthening currency creates a ""lock-in"" effect. Farmers are not pressured to sell for cash flow, and the unfavorable exchange rate acts as a barrier to export. This supply restriction supports higher global coffee prices.

[SENTIMENT: BULLISH]",BULLISH,"[EVIDENCE]
1.  **EUDR Regulation (NEW):** As of Jan 2, 2026, the European Parliament and Council have reached a provisional agreement to **delay the EU Deforestation Regulation (EUDR) by another 12 months**, moving the compliance deadline for large operators to **December 30, 2026** (Source: Global Compliance News, Institute of Sustainability Studies).
2.  **Port of Santos (NEW/ESCALATING):** Brazil's main coffee port is facing a ""logistical collapse."" Data from October-December 2025 indicates a **73% vessel delay rate**, with wait times reaching a record **61 days** at the Santos dock. An estimated **2.06 million bags** of coffee were stuck/unshipped in late 2025 due to these bottlenecks (Source: Cultivar Magazine, DatamarNews).
3.  **Red Sea (OLD/STABILIZING):** While attacks continue (e.g., ""July 2025 Sinkings""), the risk is largely priced in. A significant development occurred on **December 19, 2025**, when Maersk successfully conducted a **""test transit""** of the Suez Canal, though a full return is not expected until late 2026 (Source: Maritime Education, Maersk Update).

[ANALYSIS]
*   **Old Bottleneck (Red Sea):** The Red Sea crisis has shifted from an acute shock to a chronic condition. The market has adapted to the Cape of Good Hope diversions. The recent ""test transit"" by Maersk signals a potential long-term easing, but it is too tentative to relieve immediate freight pressure.
*   **New Bottleneck (Santos):** The primary risk has shifted to **physical origin constraints**. The 61-day wait time at Santos is a massive escalation from the 30-40 day delays seen in 2024. Even with the EUDR regulatory pressure removed (which would typically lower demand urgency), the **physical inability to move coffee** out of Brazil creates a supply shock at destination markets. The backlog of ~2 million bags effectively removes significant supply from the global float.

[SENTIMENT TAG]
[SENTIMENT: BULLISH]",BULLISH,"[EVIDENCE]
1. **ICE Arabica Certified Stocks:** 461,469 bags as of January 8, 2026 (Source: MacroMicro/ICE Data).
2. **Backwardation:** The market remains in steep backwardation; the spread between December 2025 and March 2026 contracts widened to over 20 cents/lb in late 2025, signaling acute immediate shortages (Source: Royal Coffee/TradingView).
3. **Vietnam Exports:** Vietnam exported 1.3 million tons from Jan-Oct 2025, with revenue hitting a record $7.41 billion (+61.8% YoY), driven by prices averaging $5,653/ton (Source: Ministry of Agriculture and Environment).
4. **Price Action:** Arabica futures traded at 356.05 cents/lb on January 9, 2026, correcting slightly from a high of ~440 cents in Feb 2025 but remaining historically elevated (Source: Trading Economics).

[ANALYSIS]
The ""Market Buffer"" is critically thin. ICE Certified Stocks are firmly below the 500k bag threshold (461k bags), triggering the **Bullish Multiplier**. This low inventory level removes the market's shock absorber, making prices hypersensitive to any supply disruption. The persistent backwardation confirms that roasters are paying a premium for immediate delivery, validating physical tightness despite the strong export numbers from Vietnam. While Vietnam is shipping record values, the volume increase is modest compared to the price surge, suggesting supply is clearing instantly rather than building a safety stock. The market lacks the buffer to absorb weather shocks in Brazil or logistics issues.

[SENTIMENT: BULLISH]",BEARISH,"[EVIDENCE]
*   **COT Report Date:** January 9, 2026 (Data as of Tuesday, Jan 6, 2026).
*   **Non-Commercial Net Longs:** **30,536 contracts** (56,382 Longs vs 25,846 Shorts). This represents a massive increase (approx. doubling) from the ~15,092 Net Longs reported the prior week (Dec 30, 2025).
*   **Open Interest (OI):** **170,823 contracts** (up +6,303 from previous week).
*   **Price Action:** Coffee futures (KC) failed at resistance (~373.85c) and crashed **-4.38%** on Friday, Jan 9, closing at **356.05c/lb**.

[ANALYSIS]
The data reveals a classic ""Bull Trap."" Speculators aggressively chased the rally in the first week of January, doubling their Net Long exposure from ~15k to ~30k contracts. This rapid accumulation created a crowded long trade just as price hit resistance. The sharp -4.4% sell-off on Friday (Jan 9) implies these new longs are immediately underwater, likely triggering forced liquidation. With Open Interest rising (+6k) into the peak and price now reversing violently, the market structure has shifted from accumulation to distribution.

[SENTIMENT: BEARISH]",BEARISH,"[EVIDENCE]:
1. **Price Action**: March 2026 Coffee (KCH6) closed at **$3.5765** (357.65 USd/lb) on Friday, Jan 9, 2026, plummeting **-14.70 (-3.95%)** for the session [Source: Barchart, Investing.com].
2. **Key Levels (Broken Support)**: Price has closed below the critical support cluster of **359.70 â 364.34**, which previously housed the 20, 50, and 100-Day Moving Averages [Source: StoneX].
3. **Market Structure**: The contract failed two separate attempts to break resistance at **$3.85** earlier in the week, establishing a ""double top"" or rejection structure before the breakdown [Source: StoneX].
4. **Momentum Indicators**: Investing.com technical summary reports a **""Strong Sell""** signal across both Moving Averages and Technical Indicators on the daily timeframe [Source: Investing.com].
5. **Trading Range**: The 52-week range is **277.25 â 437.95**, placing current pricing in the upper middle but trending sharply downward from recent highs [Source: Investing.com].

[ANALYSIS]:
The market structure has shifted decisively bearish following the rejection at the $3.85 psychological resistance level. The violent 3.95% drop on Friday successfully liquidated long positions by slicing through the dense support zone between 359.70 and 364.34 (containing the 20, 50, and 100-Day MAs). Closing below this ""value area"" indicates that buyers have exhausted their defense, flipping these former support levels into immediate resistance. The ""Strong Sell"" signal and high-volume sell-off suggest momentum has accelerated to the downside, targeting the next structural support near $3.40.

[SENTIMENT: BEARISH]",NEUTRAL,0.0,"BLOCKED BY AUDIT: Hallucination detected: The reasoning cites a target of the '200-day SMA', but this specific technical indicator is not present in the provided Technical Report or Market Context, which only reference the 20, 50, and 100-Day MAs and a structural support near $3.40.",False,,,,
2026-01-11 22:26:24,KCN6 (202607),331.3999938964844,NEUTRAL,0.004629821450676674,BEARISH,"[EVIDENCE]
*   **Brazil Forecast Shift (Wetter):** After a dry start to January, forecasts now confirm a ""wetter bias"" returning to Brazil for the last third of the month (Jan 20-31) driven by an MJO shift to Phase 7 [Source: Climate Impact Company].
*   **Minas Gerais Immediate Weather:** The 10-day outlook for Minas Gerais (Jan 11-20) shows ""Rain and chance of thunder"" starting Jan 11, with ""Cloudy with rainy periods"" predicted for Jan 12-13 [Source: Freemeteo/AccuWeather].
*   **Brazil Past Deficit:** The region was under stress; Minas Gerais received only 47.9 mm of rain (67% of historical average) for the week ending Jan 2 [Source: Somar Meteorologia].
*   **Vietnam Supply Surge:** Vietnam's coffee exports for 2025 have jumped +17.5% year-over-year to 1.58 MMT, confirming massive supply availability [Source: Vietnam National Statistics Office].
*   **Vietnam Weather:** Central Highlands (Jan 11) reports ""Cloudy, sunny during the day, scattered showers at night"" with lows of 11-14Â°C, favorable for maintaining crop quality [Source: Vietnam.vn].

[ANALYSIS]
*   **Brazil (Arabica):** The weather ""surprise"" is the rapid pivot from a ""dry-to-drought scenario"" (Bullish) back to a ""wetter bias"" (Bearish). Since the crop is in the critical **Fruit Filling** stage, this incoming rain is highly beneficial, preventing bean atrophy and securing volume. The market is reacting to the *removal* of drought risk.
*   **Vietnam (Robusta):** The massive +17.5% export surge indicates the harvest (typically ending in Jan) was successful and logistics are flowing freely. While ""scattered showers"" might slightly slow final drying, the volume hitting the market is the dominant factor.
*   **Conclusion:** The simultaneous relief of Brazil's water stress and the confirmation of Vietnam's bumper exports creates a strong supply-side pressure.

[SENTIMENT: BEARISH]",BULLISH,"[EVIDENCE]
1.  **Current Rate & Trend (Jan 9, 2026):** USD/BRL closed at **5.3713**, down **0.30%** for the day and **0.95%** over the last week (Trading Economics, Wise).
2.  **Volatility Check:** No sudden weakening spikes (>1%) observed in the last 48 hours. The most significant recent move was a **1.01% strengthening** of the BRL on Jan 2, 2026 (Investing.com).
3.  **Central Bank Outlook:** The Brazil Central Bank (Copom) has held the Selic rate at a restrictive **15.00%** to combat inflation, which slowed to **4.26%** in December 2025. Capital Economics forecasts the easing cycle to potentially begin in Q1 2026, but rates remain historically high (Trading Economics, Capital Economics).
4.  **Forecasts:** Trading Economics models project the Real to strengthen further to **5.32** by the end of Q1 2026. Bank of America analysts (cited in late 2025 outlooks) maintained a positive view on the Real for 2026 due to high carry trade appeal.

[ANALYSIS]
The Brazilian Real is currently exhibiting a **strengthening trend** (slow drift downwards in USD/BRL), driven by the Central Bank's maintenance of the high 15% Selic rate. This high carry makes the BRL attractive against the USD.
*   **Velocity:** There are no sudden >1% spikes in USD/BRL *upwards* (weakening) that would trigger panic selling by farmers.
*   **Farmer Psychology:** With the exchange rate moving from ~5.50 towards 5.37, farmers are receiving **fewer Reais** for their coffee exports. This creates a disincentive to sell (""holding back supply""), as they wait for a more favorable exchange rate or higher USD coffee prices to compensate.
*   **Supply Impact:** The lack of a currency-driven selling trigger tightens immediate supply availability from Brazil.

[SENTIMENT TAG]
[SENTIMENT: BULLISH]",NEUTRAL,"[EVIDENCE]
1.  **EUDR Regulation (NEW):** As of **January 2, 2026**, the European Parliament and Council have confirmed a **one-year delay** to the EU Deforestation Regulation. The new compliance deadline for large operators is **December 30, 2026** (delayed from Dec 2024/2025).
2.  **Red Sea Shipping (OLD - EVOLVING):** Following a **November 11, 2025** truce, Houthi attacks have largely ceased. However, **Maersk and Hapag-Lloyd (Gemini Cooperation)** stated in **late December 2025** that they have ""no specific timing"" for a full return to the Suez Canal. While Maersk conducted a test transit with the *Maersk Sebarok* on **Dec 18, 2025**, Suez container traffic remains **86% lower** than pre-crisis levels as of **January 2026**.
3.  **Port of Santos (OLD - CRITICAL):** Congestion remains severe. In **December 2025**, the Port of Santos recorded an **84% delay rate** for container ships. Throughout 2024, logistical bottlenecks caused the accumulation of **1.8 million bags** of coffee that failed to ship, with exporters facing **R$ 51.5 million** in extra storage/detention costs.

[ANALYSIS]
*   **Bottleneck Shift:** The **EUDR delay** removes the immediate ""regulatory bottleneck"" that threatened to strand non-compliant coffee in early 2026, significantly easing panic-buying pressure.
*   **Physical Constraints:** The primary risk has shifted from *geopolitical* (Red Sea) to *infrastructure* (Brazil). While the Red Sea shows tentative signs of reopening (truce), the **Port of Santos** is physically choking supply, trapping nearly 2 million bags at origin.
*   **Supply/Demand:** The inability to ship from Brazil (Bullish) is currently counterbalanced by the removal of the EUDR deadline urgency (Bearish). Roasters are no longer rushing to beat a 2025 regulatory clock, but physical availability remains tight due to Brazilian port inefficiency.

[SENTIMENT: NEUTRAL]",BULLISH,"[EVIDENCE]
1. **ICE Arabica Certified Stocks (Jan 8, 2026):** Stocks stand at **461,469 bags**, a ""historically low"" level, down from ~991,000 bags one year ago.
2. **Backwardation (Forward Curve):** The market is in deep backwardation. The spread between December 2025 and March 2026 contracts has widened to **>20 cents/lb**, signaling acute immediate scarcity.
3. **Supply Context (Jan 2026):** Brazil is facing ""below-average rainfall and a severe heatwave,"" while Vietnam reports ""severe flooding in the Central Highlands"" (Nov 2025), threatening future output despite high current export values.

[ANALYSIS]
The ""Market Buffer"" has effectively evaporated. With ICE stocks below the critical **500k bag threshold**, the market has entered a **High Volatility** regime (The Multiplier Effect). In this environment, every minor supply threat (like the current Brazil heatwave) is magnified because there is no physical cushion to absorb shocks. The steep backwardation confirms that roasters are paying a massive premium for immediate delivery, validating that the ""paper"" tightness is backed by a real physical shortage. The buffer is too thin to dampen price spikes.

[SENTIMENT TAG]
[SENTIMENT: BULLISH]",BEARISH,"[EVIDENCE]
1. **COT Report Date:** January 6, 2026 (Released January 9, 2026).
2. **Non-Commercial Net Longs:** 30,536 contracts (Longs: 56,382 | Shorts: 25,846). Net length increased by ~6,000 contracts from the previous week.
3. **Open Interest (OI):** 170,823 contracts, up +6,303 (+3.8%) from the prior week.
4. **Price Action:** Coffee futures rallied to 373.85 on the report date (Jan 6) but were rejected at resistance (~385) later in the week, closing sharply lower at 357.65 on Jan 9 (-3.95%).
5. **Quote:** StoneX report (Jan 8) noted ""origin selling capped gains... signals improved physical liquidity... room for a corrective move lower.""

[ANALYSIS]
The data reveals a classic **Bull Trap**. Speculators aggressively chased the rally into January 6, evidenced by the simultaneous rise in Net Longs and Open Interest. However, the market's subsequent failure to hold the 385 cent/lb level, followed by a sharp -4% reversal on Jan 9, suggests this fresh speculative money was absorbed by commercial selling (producers locking in record prices). These late longs are now trapped underwater. With the ""smart money"" (Commercials) selling into the strength and momentum stalling, the crowded long trade faces significant liquidation risk.

[SENTIMENT: BEARISH]",BEARISH,"[EVIDENCE]
1. **Price Action (KCN26):** The July 2026 contract closed around **345.40** on Friday, Jan 9, 2026, tracking a broader sell-off in the front-month (KCH26) which plummeted **-3.95%** to **357.65** [Source: Barchart].
2. **Moving Averages:** The active contract is trading **below** its 50-Day Moving Average (~368.34) and is testing the critical 200-Day Moving Average zone (~357.52 - 362.47), triggering ""Strong Sell"" signals across multiple timeframes [Source: Investing.com].
3. **Momentum (RSI):** The Relative Strength Index (14) has dropped to **24.62**, deeply in **Oversold** territory (<30), indicating extreme bearish momentum but raising the probability of a technical bounce [Source: Investing.com].
4. **Key Levels:** Immediate structural **support** is identified at **340.00** and the S3 pivot at **354.82** (front month). **Resistance** has formed at **376.00** and the **380.00-385.00** zone [Source: Economies.com, Investing.com].

[ANALYSIS]
The market structure for Coffee futures is **Bearish**, characterized by a sharp liquidation break below the 50-day moving average and a failure to hold the 370.00 level. The curve structure shows backwardation (Front Month 357.65 > July '26 345.40), implying that while near-term supply remains tight, the market is aggressively pricing in future relief or demand destruction. The crash into the 200-day MA on high volume confirms seller dominance, though the oversold RSI (24.62) suggests the market is overextended to the downside and may consolidate near 340.00 before further declines.

[SENTIMENT: BEARISH]",BEARISH,0.85,"The market is undergoing severe technical liquidation (-3.60%) validated by the return of beneficial rains to Brazil and the EUDR delay, which have trapped speculative longs. While structural supply remains tight, the immediate removal of weather risks compels a repricing to lower support levels.",True,,,,
2026-01-11 22:26:49,KCK6 (202605),338.25,LONG,0.005037630042802105,BEARISH,"[EVIDENCE]
*   **Brazil Rain (Past):** [Source: Somar Meteorologia via Barchart, Jan 9, 2026] Minas Gerais received **47.9 mm** of rain for the week ended Jan 2, which was **67% of the historical average** (dryness concern).
*   **Brazil Forecast (Future):** [Source: Climate Impact Company, Jan 11, 2026] A ""MJO east shift"" is bringing a **""wetter bias""** to Brazil for the last 1/3 of January. Models favor **wetter than normal** conditions for the 8-14 day period.
*   **Specific Forecast Data:** [Source: EaseWeather, Jan 11, 2026] Forecast for Minas Gerais shows heavy accumulation: **34.4 mm on Sunday (Jan 11)** and a massive **93.6 mm on Monday (Jan 12)**, signaling a sharp delta to **WETTER**.
*   **Vietnam Supply/Weather:** [Source: Lao Dong / Vietnam National Statistics Office, Jan 11, 2026] Vietnam's 2025 coffee exports surged **+17.5% y/y** to 1.58 MMT. Weather in Central Highlands is reported as ""Cloudy, sunny during the day, scattered showers at night"" with cool temps (11-14Â°C), generally favorable for logistics.

[ANALYSIS]
The weather delta has flipped significantly **WETTER** for Minas Gerais. While the previous week was dry (67% of avg), the immediate forecast predicts substantial rainfall (up to ~120mm in 48 hours). This moisture arrives during the critical **Fruit Filling** stage for Arabica, effectively neutralizing recent drought stress and ensuring better bean size/density. Simultaneously, Vietnam is aggressively shipping its bumper Robusta crop (exports +17.5%), and current weather conditions are not disrupting the flow of bags to port. The combination of ""Rain in Brazil"" (improving future supply) and ""Surging Vietnam Exports"" (current supply glut) creates a double-negative for prices.

[SENTIMENT: BEARISH]",BULLISH,"[EVIDENCE]
1.  **Current Rate & Velocity**: The USD/BRL exchange rate closed at **5.3713** on January 9, 2026, declining **0.30%** for the session. The pair has dropped approximately **1.7%** from its December 30, 2025 level of 5.4774, indicating a strengthening Real (Source: Investing.com, Trading Economics).
2.  **Interest Rate Outlook**: The Central Bank of Brazil (BCB) has maintained the Selic rate at a restrictive **15.00%** into January 2026 to combat inflation. While Capital Economics forecasts a cutting cycle to eventually lower rates to **11.25%** by year-end 2026, the current high yield continues to attract carry flows, supporting the currency (Source: Trading Economics, Capital Economics).
3.  **Forecasts**: Trading Economics global macro models project the Real to strengthen further, targeting **5.32** by the end of Q1 2026. CoinCodex sentiment remains bearish on USD/BRL (bullish on BRL), predicting a trading range of **5.34 â 5.53** for January (Source: Trading Economics, CoinCodex).

[ANALYSIS]
The data indicates a **negative rate of change** in USD/BRL (strengthening Real), driven by Brazil's aggressively high 15% Selic rate. There are no sudden upside spikes (>1% in 24h) to trigger panic selling by farmers. Instead, the slow drift downward in the exchange rate exerts a ""holding"" effect on **Farmer Psychology**: as the Real strengthens, farmers receive fewer Reais for their dollar-denominated coffee, incentivizing them to withhold supply and wait for a more favorable exchange rate. This lack of selling pressure acts as a supply constraint.

[SENTIMENT: BULLISH]",NEUTRAL,"[EVIDENCE]
1.  **EUDR Regulation (NEW):** The European Parliament formally approved a one-year delay to the EU Deforestation Regulation (EUDR). The new compliance deadline is **December 30, 2026** for large operators, pushing back the original 2025 start date (Source: Food Ingredients First, Dec 18, 2025).
2.  **Port of Santos (PERSISTENT):** Data from **October 2025** indicates severe congestion persists, with a **73% vessel delay rate** at the Port of Santos. In that month alone, logistical bottlenecks prevented the shipment of **2,065 containers** (approx. 681,590 bags) of coffee, causing an estimated foreign exchange loss of **R$ 1.4 billion** (Source: Revista Cultivar, Dec 8, 2025).
3.  **Red Sea (OLD):** Shipping disruptions remain ""priced in"" with no significant *new* lane closures reported in late 2025. Major carriers continue to reroute via the Cape of Good Hope, adding 10-14 days to transit times, a pattern established since early 2024 (Source: Rohlig Logistics, March 2025 Update).

[ANALYSIS]
*   **Bottleneck Shift:** The primary *regulatory* bottleneck (EUDR) has been removed for the immediate term, eliminating the ""panic buying"" rush anticipated for January 2026. This is a significant relief for demand-side pressure.
*   **Physical Constraint:** The supply chain remains physically constricted at the origin. The **73% delay rate** at Santos (down slightly from 84% in early 2025 but still critical) means nearly 2 million bags of coffee are physically trapped in Brazil annually despite the regulatory reprieve.
*   **Implication:** While the EUDR delay removes the risk premium associated with European compliance, the inability to move physical volume out of Brazil supports a floor under prices. The market is shifting from ""regulatory fear"" to ""logistical reality.""

[SENTIMENT: NEUTRAL]",BULLISH,"[EVIDENCE]
*   **ICE Certified Stocks (Jan 8, 2026):** **461,469 bags** (Source: MacroMicro/Trading Economics). This represents a critical low, down from ~991k bags a year prior.
*   **Market Structure (Oct/Nov 2025):** The forward curve is in steep **Backwardation**. The spread between December 2025 and March 2026 contracts widened to over **20 cents/lb**, signaling acute immediate physical tightness (Source: Royal Coffee).
*   **Vietnam Exports (Dec 2025):** Vietnam exported approximately **3.0 million bags** in December, a **40.8% increase** year-on-year, driven by record high prices (Source: Comunicaffe/Vietnam Customs).
*   **GCA Status:** Recent reports indicate opacity in GCA total stock data, with some sources noting a cessation or irregularity in public reporting since late 2023, leaving the market to rely heavily on the visible ICE certified count (Source: Coffee Intelligence).

[ANALYSIS]
The ""Market Buffer"" is effectively non-existent. With ICE Certified Stocks at **461k bags** (well below the 500k ""Multiplier"" threshold), the market has lost its shock absorber. This triggers the **Bullish Multiplier**: every minor supply threat (like Brazil's adverse weather) will have an outsized impact on price. The steep **backwardation** confirms that roasters are desperate for immediate coverage and are not incentivized to store coffee, further depleting reserves. While the surge in Vietnam exports provides some flow, it is being absorbed immediately by a starved pipeline rather than rebuilding the buffer. The market is operating without a safety net.

[SENTIMENT: BULLISH]",BEARISH,"[EVIDENCE]
*   **COT Report Date:** January 9, 2026 (Data as of Tuesday, January 6, 2026).
*   **Non-Commercial Net Longs:** **30,536 contracts** (Longs: 56,382 | Shorts: 25,846). This represents a sharp increase from the ~15,092 Net Longs reported the previous week (Dec 30, 2025).
*   **Open Interest (OI):** **170,823 contracts**, up **+6,303** from the previous week.
*   **Price Action:** March Arabica Coffee closed at **356.05 cents/lb** on Friday, Jan 9, 2026, down **-3.95%** on the day and **-11.17%** over the past month.

[ANALYSIS]
Speculators aggressively doubled their Net Long exposure (from ~15k to ~30k contracts) leading into Jan 6, chasing the price recovery. However, the market immediately rejected these higher prices, selling off nearly 4% on Jan 9. The combination of **Rising Open Interest (+6k)** and **Falling Price** indicates aggressive new shorting is entering the market, overpowering the recent speculative buying. The ""crowded"" nature here is the rapid influx of late bulls who are now trapped underwater as momentum turns negative.

[SENTIMENT: BEARISH]",BEARISH,"[EVIDENCE]:
1.  **Price Action (Jan 9, 2026):** Coffee Futures (May '26 - KCK26) closed at **357.65 cents/lb**, plummeting **-14.70 (-3.95%)** in the Friday session [Source: Barchart].
2.  **Momentum Indicators:** The 14-Day RSI is **24.62**, indicating deeply **Oversold** conditions. Investing.com's technical summary signals ""Strong Sell"" across all timeframes (Hourly to Monthly) [Source: Investing.com].
3.  **Key Moving Averages:** Price has collapsed below the 50-Day MA (368.34) and 100-Day MA (359.49). It is currently testing the **200-Day Moving Average (357.52)**, holding above it by a mere 0.13 cents [Source: Investing.com].
4.  **Support/Resistance:** Immediate resistance is at **368.35** (1st Resistance). Downside support lies at **351.50** (1st Support) and **345.35** (2nd Support) [Source: Barchart].

[ANALYSIS]:
The market structure has shifted violently from bullish to bearish liquidation. The -4% crash on Friday confirms a rejection of higher prices, driven by a ""sell the news"" reaction to rain forecasts in Brazil which alleviated dryness concerns. The price action has sliced through the 50 and 100 DMAs with high velocity, stopping only at the critical 200-Day Moving Average (357.52). While the RSI (24.62) suggests the move is overextended and due for a technical bounce, the ""Strong Sell"" aggregate signal implies that any rally will be sold. If the 200 DMA fails, the next structural floor is not until the $3.45-$3.50 zone. The trend is now controlled by bears until a reclaim of the $3.68 level occurs.

[SENTIMENT: BEARISH]",NEUTRAL,0.0,"BLOCKED BY AUDIT: The reasoning claims to override a 'low-confidence quant signal', but no 'quant signal' or Quant Report is present in the provided Research Reports or Market Context.",False,,,,
2026-01-11 22:27:44,KCU6 (202609),325.1499938964844,NEUTRAL,0.0041965656219312844,BEARISH,"[EVIDENCE]
1.  **Brazil (Minas Gerais) - Past 7 Days:** ""Minas Gerais received 47.9 mm of rain during the week ended January 2, or 67% of the historical average"" [Source: Somar Meteorologia].
2.  **Brazil (Forecast):** New forecasts predict ""rainfall across central Brazil in the coming week,"" which has ""eased previous worries about dry conditions"" and triggered a sharp decline in Arabica prices on Jan 9 [Source: Bitget News/Nasdaq].
3.  **Vietnam (Forecast):** ""From January 12th to February 10th, widespread rain will continue in Central and Southwestern Vietnam"" (Central Highlands), with scattered showers forecast for key coffee provinces like Gia Lai [Source: Vietnam.vn].
4.  **Vietnam (Impact):** Recent heavy rains have already ""hampered harvest progress and sun-drying in central highland regionsâDak Lak, Gia Lai, LÃ¢m Äá»ng"" [Source: StoneX].

[ANALYSIS]
**Brazil (Arabica):** The weather pattern is shifting **Wetter (Bearish)**. The recent dryness (67% of avg) during the critical ""Fruit Filling"" stage was a bullish threat, but the updated 10-day forecast showing returning rains neutralizes this risk. Adequate moisture now ensures good bean development, weighing on prices.
**Vietnam (Robusta):** The weather is shifting **Wetter (Bullish for Price/Bad for Crop)**. Rain during the typical ""Dry Season"" (January) is a major surprise. While exports are currently surging (+17.5%), continued wetness hampers sun-drying of the late harvest and risks mold/quality degradation. However, the market is currently prioritizing the improved supply outlook from Brazil over Vietnam's quality concerns.

[SENTIMENT: BEARISH]",BULLISH,"[EVIDENCE]
*   **USD/BRL Rate (Jan 11, 2026):** Trading at **5.37**, showing a **-0.30%** decline (strengthening BRL) in the last trading session (Source: Trading Economics, TradingView).
*   **Velocity:** The 24-hour movement is well below the >1% threshold required to trigger panic selling; the currency has strengthened **1.86%** over the past month (Source: Trading Economics).
*   **Central Bank Outlook (Copom):** The Selic rate is held at **15.00%**, with the Central Bank signaling a ""prolonged hold"" to combat inflation expectations of 4.4% for 2025/2026. High carry (15%) continues to support the BRL (Source: Focus Economics, Trading Economics).

[ANALYSIS]
The current data indicates a **strengthening Brazilian Real** (USD/BRL moving from ~5.44 to 5.37). According to the **Farmer Psychology** rule, Brazilian coffee growers hoard supply when the local currency strengthens, as their BRL-denominated returns decrease. The absence of a ""sudden spike"" (>1% weakening) means there is no FX-driven urgency to sell. Furthermore, the high Selic rate (15%) incentivizes capital inflows, keeping the BRL supported. This creates a supply-side squeeze as farmers wait for a more favorable exchange rate (weaker BRL) to liquidate stocks.

[SENTIMENT: BULLISH]",BEARISH,"[EVIDENCE]
1.  **EUDR Regulation (New):** On **Jan 6, 2026**, Mongabay reported the EU Deforestation Regulation (EUDR) is ""officially delayed for a second year,"" with a new compliance deadline of **Dec 31, 2026** for large operators. The amendment was published in the EU Official Journal on Dec 23, 2025.
2.  **Red Sea Shipping (Old/Static):** As of **Nov 26, 2025**, Maersk and Hapag-Lloyd (Gemini Cooperation) confirmed they have ""**no specific timing**"" to return to the Red Sea, citing safety priorities. They continue to route via the Cape of Good Hope, maintaining the longer transit times established in 2024/2025.
3.  **Port of Santos (Chronic):** Data from late 2024/2025 indicates persistent congestion. In Oct 2024, the delay rate for coffee vessels was **74%**, with wait times up to **58 days** (Datagro). 2025 reports show the port handling record volumes (+20% YoY), exacerbating the infrastructure bottleneck.

[ANALYSIS]
The supply chain risk profile has shifted due to the **EUDR delay**, which removes the immediate threat of a regulatory ""supply cliff"" in early 2026. This is the significant *new* variable. Physical bottlenecks remain severe but static: the **Red Sea** rerouting is now a long-term structural reality (priced in), and **Port of Santos** congestion is a known, chronic constraint driven by volume rather than new disruptions. The removal of the imminent EUDR deadline eases the urgency for ""panic shipping,"" likely softening short-term freight demand spikes despite the physical transit delays.

[SENTIMENT: BEARISH]",BULLISH,"[EVIDENCE]
*   **ICE Arabica Certified Stocks:** 456,477 bags as of December 29, 2025 (Trading Economics). This represents a significant drawdown from the ~993,000 bags seen in early 2025.
*   **GCA Green Coffee Stocks:** Reported a decrease of 307,289 bags (-5.12%) in the November 2025 update (Comunicaffe).
*   **Brazil Context:** Reports from January 2026 indicate ""severe heatwave"" and ""below-average rainfall"" in Minas Gerais, raising concerns for the 2026/27 crop (Trading Economics).
*   **Price Action:** Coffee C Futures traded at 356.05 USd/lb on January 9, 2026, remaining near 2-week highs (Investing.com).

[ANALYSIS]
The ""Market Buffer"" has critically eroded. ICE Certified Stocks have collapsed below the 500k threshold (currently ~456k), triggering the **Bullish Multiplier** (Rule 3). This low inventory level removes the market's shock absorber, making prices hypersensitive to the reported adverse weather in Brazil. The simultaneous drawdown in GCA stocks (-5.12%) confirms that physical tightness is not just an exchange technicality but a reality in US warehouses. With stocks this low, the market structure likely remains in steep backwardation, incentivizing immediate commercial buying and penalizing holding, further squeezing supply.

[SENTIMENT: BULLISH]",BEARISH,"[EVIDENCE]
*   **COT Report Date:** January 9, 2026 (Data as of Tuesday, January 6, 2026).
*   **Non-Commercial Net Longs:** +30,536 contracts (Longs: 56,382 | Shorts: 25,846).
*   **Positioning Trend:** Net Longs have **decreased** significantly from ~48,674 contracts on December 23, 2025, despite prices remaining near record highs.
*   **Open Interest (OI):** 170,823 contracts (Increased +6,303 from previous week).
*   **Price Action:** March '26 Arabica Coffee (KCH26) closed at **356.05 cents/lb** on Friday, Jan 9, dropping sharply by **-14.70 cents (-3.95%)** on the day.

[ANALYSIS]
The market exhibits a classic **Bearish Divergence**. While Coffee prices are hovering near historic all-time highs (above $3.50/lb), the speculative ""crowd"" (Non-Commercials) is actively **liquidating**, reducing Net Long exposure by ~37% (from ~48k to ~30k) over the last two weeks. The rise in Open Interest (+6k) leading into Tuesday likely represented commercials hedging or new shorts entering, rather than new speculative bulls. The sharp price collapse on Friday (-3.95%) confirms that the rally is exhausted and lacks the speculative fuel to sustain these record levels.

[SENTIMENT: BEARISH]",BEARISH,"[EVIDENCE]:
1. **Price Action:** March '26 Coffee (KCH26) closed at **357.65** on Jan 9, 2026, down -3.95% (-14.70 points). The Sep '26 contract (KCU26) last traded around **328.45** [Source: Barchart].
2. **Key Levels:** The active contract is testing the critical **200-Day Moving Average (200 DMA)** at **357.52**. It has already broken below the **50 DMA (368.34)** and **100 DMA (359.49)** [Source: Investing.com].
3. **Momentum:** RSI(14) is deeply oversold at **24.62**, indicating extreme bearish momentum. Moving Average convergence/divergence (MACD) is negative (-3.06), confirming the downtrend [Source: Investing.com].
4. **Signals:** Technical indicators register a ""Strong Sell"" consensus across hourly, daily, and weekly timeframes, with 12 out of 12 Moving Average signals indicating ""Sell"" [Source: Investing.com].

[ANALYSIS]:
The market structure has shifted to a liquidation phase. Coffee futures have failed to hold the **$3.80** resistance zone and have collapsed through the 50 and 100 DMAs. The price is currently battling the **200 DMA ($3.57)**; a sustained close below this level would confirm a long-term trend reversal to the downside. While the RSI at 24 suggests the move is overextended and a technical bounce is possible, the ""Strong Sell"" signals and high-volume rejection of higher prices indicate that sellers are in total control. The breakdown is driven by technical liquidation, ignoring the ""value"" of the oversold condition.

[SENTIMENT TAG]: [SENTIMENT: BEARISH]",BEARISH,0.88,"The market is undergoing technical liquidation (-3.63% drop) driven by bearish weather updates (returning rains in Brazil) which neutralize drought fears. We respect the trend as speculative longs unwind positions, overpowering the bullish signal from low certified stocks.",True,,,,
2026-01-11 22:27:50,KCZ6 (202612),319.3999938964844,NEUTRAL,0.003912212903129659,BEARISH,"[EVIDENCE]
1.  **Brazil (Past):** ""Minas Gerais received 47.9 mm of rain during the week ended January 2, or 67% of the historical average"" [Source: Somar Meteorologia via Nasdaq].
2.  **Brazil (Forecast):** ""Meteorological forecasts showed that rain will appear in central Brazil next week, reducing concerns about prolonged drought"" [Source: Lao Dong].
3.  **Vietnam (Export Data):** ""Vietnam's 2025 coffee exports jumped +17.5% y/y to 1.58 MMT"" [Source: Nasdaq].
4.  **Vietnam (Weather Surprise):** ""From January 12th to February 10th, widespread rain will continue in Central and Southwestern Vietnam"" [Source: Vietnam.vn].

[ANALYSIS]
**Brazil (Bearish Delta):** The weather narrative has flipped. Last week's ""dry scare"" (67% of avg rain) is being replaced by a wet forecast for the next 10 days. This rain arrives during the critical **Fruit Filling** stage, essential for bean size and density. The return of moisture removes the immediate stress on the Arabica crop, validating the ""Bearish"" price action seen in recent sessions.
**Vietnam (Bearish Flow / Bullish Risk):** The primary driver is the ""wall of supply"" hitting the market (+17.5% exports), which is crushing Robusta premiums. However, the **Weather Surprise** is the unseasonal ""widespread rain"" forecast for Jan-Feb (typically the dry season). While the market is focused on current exports, this moisture poses a latent risk for post-harvest quality or early flowering disruption if it persists.

[SENTIMENT TAG]
[SENTIMENT: BEARISH]",BULLISH,"[EVIDENCE]
*   **Current Rate:** USD/BRL is trading at **5.37** as of Jan 11, 2026 (TradingView, Wise).
*   **Rate of Change:** The pair decreased by **-0.32%** in the last 24 hours and **-0.95%** over the past week (Wise, TradingView). No spikes >1% were observed; the largest recent movement was -0.47% on Jan 6.
*   **Interest Rate Context:** The Brazil Central Bank (BCB) has held the Selic rate at a restrictive **15.00%** to combat inflation, supporting the currency via carry trade inflows (FocusEconomics, Banco Central do Brasil).
*   **Forecast:** Trading Economics projects further BRL strengthening to **5.32** by the end of Q1 2026, while ItaÃº (Mar 2025 report) and Exchange Rates UK see long-term depreciation risks toward 5.75 later in the year.

[ANALYSIS]
The USD/BRL is currently exhibiting a **slow drift lower (strengthening BRL)**, moving from ~5.44 to 5.37 over the last week. This velocity is well below the >1% threshold required to trigger panic selling. Under the ""Farmer Psychology"" rule, a strengthening Real reduces the local currency value of coffee bags, incentivizing farmers to **hoard supply** rather than sell. The high Selic rate (15%) further anchors the currency, preventing the rapid depreciation needed to unlock farmer inventories. With no ""supply push"" from currency weakness, physical availability will tighten.

[SENTIMENT: BULLISH]",BEARISH,"[EVIDENCE]
*   **EUDR Regulation (NEW):** As of **Jan 6, 2026**, the EU Deforestation Regulation (EUDR) has been officially delayed for a second time. The new compliance deadline for large operators is **Dec 31, 2026**, and mid-2027 for small operators (Source: Mongabay, Global Compliance News).
*   **Red Sea Shipping (OLD/CONFIRMED):** On **Nov 26, 2025**, Maersk and Hapag-Lloyd confirmed their new ""Gemini"" alliance (launching Feb 2026) will exclusively use the **Cape of Good Hope** network. A test transit by *Maersk Sebarok* in Dec 2025 did not lead to a full service resumption (Source: Maersk, gCaptain).
*   **Port of Santos (OLD/ONGOING):** Data from late 2024 indicates chronic congestion, with a **74% vessel delay rate** recorded in October and ""severe congestion"" persisting into the 2025/2026 season. Wait times for gate openings frequently exceeded 4 days for ~10% of vessels (Source: Datagro, Royal Coffee).

[ANALYSIS]
*   **EUDR:** The confirmed 1-year delay is a critical **de-bottlenecking event**. It removes the immediate ""compliance cliff"" that threatened to block coffee imports into the EU in Jan 2026. This eliminates the panic-buying premium associated with regulatory uncertainty.
*   **Red Sea:** This is an **OLD** bottleneck. The market has already priced in the extra 10-14 days of transit time. The ""Gemini"" announcement merely confirms that high freight rates and longer lead times are the structural baseline for 2026, not a new shock.
*   **Santos:** The port remains a choke point, but without a *new* strike or escalation in the last 48 hours, this is a known variable. The inability to clear the backlog exacerbates the Red Sea delays but does not present a fresh risk spike.

[SENTIMENT: BEARISH]",BULLISH,"[EVIDENCE]
1.  **ICE Arabica Certified Stocks:** As of December 29, 2025, stocks stood at **456,477 bags**, a critical decline from ~991,000 bags one year prior (Trading Economics).
2.  **GCA Green Coffee Stocks:** The latest available report indicates US warehouse stocks fell by **307,289 bags (-5.12%)** in November 2025 (Comunicaffe).
3.  **Production & Exports:** Brazil faces ""below-average rainfall and a severe heatwave"" threatening the 2026 crop, while flooding in Indonesia is projected to cut 2025/26 exports by up to **15%** (Trading Economics).
4.  **Price Context:** Arabica futures traded around **$3.56/lb** in early January 2026, maintaining a ~9.6% year-over-year increase despite recent volatility (Trading Economics).

[ANALYSIS]
The ""Market Buffer"" has effectively collapsed. With ICE Certified Stocks piercing the **500k bag threshold** (currently ~456k), the market has entered the **""High Volatility""** zone defined by the Multiplier Rule. This level of inventory is insufficient to dampen supply shocks, making prices hypersensitive to the reported adverse weather in Brazil and Indonesia. The simultaneous drawdowns in both exchange-certified (ICE) and commercial (GCA) stocks confirm a systemic physical tightness, not just a paper squeeze. The persistence of these low levels implies that the market must ration demand through higher prices, validating a structural backwardation environment where spot coffee commands a premium over future delivery.

[SENTIMENT: BULLISH]",BEARISH,"[EVIDENCE]
*   **COT Report (Jan 9, 2026):** Non-Commercial Net Longs for Coffee C (Futures Only) stood at **30,536 contracts** as of Jan 6, 2026. This represents an increase in net length (Longs +3,314, Shorts -2,679) leading into the week's peak.
*   **Price Action:** On Friday, Jan 9, 2026, March Arabica Coffee (KCH26) plummeted **-14.70 cents (-3.95%)** to close around **357.65 cents/lb**, reversing from a 4-week high set earlier in the week.
*   **Open Interest:** Open Interest rose to **170,823 contracts** (+6,303 from previous week) as of Jan 6, indicating traders were piling into the long side during the rally.
*   **Catalyst:** Market sources cite ""long liquidation"" triggered by forecasts of rain in Brazil (easing drought fears) and a 4-week high in the US Dollar Index.

[ANALYSIS]
The data indicates a classic ""crowded trade"" liquidation. Speculators aggressively added long exposure (rising Net Longs and Open Interest) chasing the weather-driven rally earlier in the week. The sudden shift in weather forecasts to a wetter outlook for Brazil caught these late longs offside, triggering a sharp ""long liquidation"" sell-off on Friday. While Net Longs (~30k) are not at all-time historic extremes (which can exceed 50k), the rapid buildup of open interest into a resistance level followed by a sharp reversal confirms the market became overbought relative to the immediate fundamental picture. The ""Rising OI + Falling Price"" dynamic on Friday (inferred from the liquidation narrative) signals immediate downside risk as these crowded longs exit.

[SENTIMENT: BEARISH]",BEARISH,"[EVIDENCE]:
1. **Price Action (Jan 9, 2026):** Coffee C Futures (Front Month KCH26) closed at **357.65 cents/lb**, down **-3.95%** (-14.70 cents) for the session [Source: Barchart]. The Dec '26 contract (KCZ6) last traded near **323.05** (Jan 5 quote), holding a significant discount to spot prices [Source: Barchart].
2. **Key Technical Levels:** Price is testing the **200-Day Moving Average at 357.52**, having already broken below the **50-Day MA (368.34)** and **100-Day MA (359.49)** [Source: Investing.com].
3. **Momentum Indicators:** The Relative Strength Index (RSI 14) is **24.62**, indicating deeply **Oversold** conditions [Source: Investing.com]. Technical signals on daily timeframes are rated ""Strong Sell"" across all major Moving Averages [Source: Investing.com].
4. **Volume & Volatility:** The market experienced a ""sharp sell-off"" on high volume (Front month volume ~18,736 contracts), driven by liquidation of long positions [Source: Barchart].

[ANALYSIS]:
The Coffee market is undergoing a severe liquidation event, evidenced by the **-4% daily drop** and the decisive break of the 50-day and 100-day Moving Averages. The market structure has shifted from bullish to immediate bearishness as price collapses toward the critical **200-day trendline (357.52)**. If this level fails, the long-term uptrend is invalidated. The steep backwardation (Spot > Dec '26) confirms tight current supply, but the rapid price decline suggests demand destruction or aggressive profit-taking is overriding fundamental tightness. While the RSI at 24.62 suggests a technical bounce is overdue, the momentum is strictly negative until price reclaims the 368.00 level.

[SENTIMENT: BEARISH]",BEARISH,0.88,"The -3.71% crash triggers the 'Technical Liquidation' rule, validated by the bearish shift in Brazil's weather forecast (rain relieving drought stress) and the EUDR delay removing regulatory risk premiums. Despite low certified stocks, the immediate momentum and long liquidation cycle override fundamental tightness.",True,,,,
