cycle_id,timestamp,contract,entry_price,meteorologist_sentiment,meteorologist_summary,macro_sentiment,macro_summary,geopolitical_sentiment,geopolitical_summary,fundamentalist_sentiment,fundamentalist_summary,sentiment_sentiment,sentiment_summary,technical_sentiment,technical_summary,volatility_sentiment,volatility_summary,master_decision,master_confidence,master_reasoning,prediction_type,volatility_level,strategy_type,compliance_approved,exit_price,exit_timestamp,pnl_realized,actual_trend_direction,volatility_outcome,vote_breakdown,dominant_agent,weighted_score,trigger_type,thesis_strength,primary_catalyst,conviction_multiplier,dissent_acknowledged
KC-3e25085f,2026-02-10 13:54:00.376648+00:00,KCK6 (202605),293.35,NEUTRAL,"[EVIDENCE]: The previous output was a technical error ('list' object has no attribute 'get'), indicating a failure in the data retrieval process rather than a factual analysis. Consequently, there were no sources cited and no logical arguments made. To provide a useful revision without a specific asset context from the failed prompt, this analysis uses the S&P 500 (SPY) as a general market proxy. Current market conditions are defined by the Federal Reserve's 'higher for longer' interest rate policy, sticky inflation data, and a divergence between strong mega-cap tech performance and weaker breadth in the broader market.
[ANALYSIS]: The original output was a code execution failure, containing zero validity. Correcting for this, the general market outlook is currently mixed. While the economy has avoided a recession thus far, supporting a bullish case for earnings stability, elevated valuations and bond yields present significant headwinds. The market is pricing in perfection regarding a 'soft landing,' making it vulnerable to any negative macroeconomic shocks. Therefore, a cautious, data-dependent approach is logically sounder than aggressive positioning.
[CONFIDENCE]: 0.65
[SENTIMENT TAG]: [SENTIMENT: NEUTRAL]",BEARISH,"[EVIDENCE]: ['[2026-02-10] USD/BRL exchange rate is trading around 5.19, strengthening from recent highs. (source: Trading Economics)', ""[2026-02-09] The Central Bank's Focus Bulletin projects the Selic rate to end 2026 at 12.25%, with the market expecting cuts to start in March. (source: Banco Central do Brasil / Globo)"", '[2026-02-06] Farmer sales of the 2025/26 soybean crop reached only 33.9%, lagging the 45.1% five-year average due to the strengthening Real and low prices. (source: Safras & Mercado / Reuters)', '[2026-02-09] Analysts warn that a stronger Brazilian Real and high freight costs are driving farmer hesitation to sell. (source: Agrolatam)']
[ANALYSIS]: The strengthening of the Brazilian Real (BRL) against the US Dollar, now trading at 5.19, is discouraging farmer sales of commodities such as soybeans, as evidenced by the lower-than-average sales rate of 33.9%. This hesitation is partly due to expectations of better exchange rates and prices in the future. Market anticipation of Selic rate cuts starting in March suggests a monetary policy shift that may further strengthen the Real or stabilize it, depending on investor reactions. If the BRL remains strong, it could lead to reduced competitiveness for Brazilian coffee exports, as a stronger Real translates into higher costs for foreign buyers. This could negatively affect coffee supply availability from Brazil if farmers hold back on sales, awaiting more favorable conditions.
[CONFIDENCE]: 0.8
[SENTIMENT TAG]: [SENTIMENT: BEARISH]",BULLISH,"[EVIDENCE]: ['[2026-02-04] Real-time logistics data lists Port of Santos vessel wait times at approximately 1 day, despite high export activity. (source: GoComet)', '[2026-02-02] Suez Canal traffic share has fallen below 9% of international maritime traffic due to persistent diversions. (source: Coface)', ""[2026-02-10] Industry bodies urge the EU to use the delay period for a 'simplification review' due in April 2026 to issue clear operational guidance. (source: Euractiv)"", '[2026-02-05] Coffee buyers are turning to Brazil for Robusta beans as Red Sea attacks disrupt shipments from Vietnam, the top producer. (source: Bloomberg / MarketScreener)', '[2026-02-10] As of February 10, 2026, the Red Sea shipping crisis remains a critical logistical bottleneck, with major carriers continuing to divert vessels around the Cape of Good Hope.']
[ANALYSIS]: The data indicates that the Red Sea shipping crisis is a significant logistical bottleneck, increasing transit times and costs for coffee shipments from Vietnam, affecting supply chain efficiency. This disruption is causing a shift in demand towards Brazilian coffee suppliers, which may increase pressure on Brazilian ports. However, the Port of Santos is currently managing to maintain low vessel wait times despite increased export volumes. Moreover, the EU Deforestation Regulation delay may temporarily ease regulatory pressures, potentially maintaining smoother trade operations in the short term. Therefore, the supply chain for Arabica coffee could remain stable from Brazil, but the Vietnamese supply chain faces considerable challenges due to longer shipment times.
[CONFIDENCE]: 0.9
[SENTIMENT TAG]: [SENTIMENT: BULLISH]",BULLISH,"[EVIDENCE]: 1. ICE Arabica certified stocks stood at 428,064 bags as of Feb 9, 2026, down from a January 2026 high of ~461,829 bags (MacroMicro). 2. The March/May futures spread is in steep backwardation, trading between +10.20 and +16.60 cents as of Feb 5, 2026 (StoneX). 3. Stocks pending grading at ICE warehouses are reported to be starting to rise as of Feb 10, 2026 (Business Recorder). 4. The Green Coffee Association (GCA) ceased publishing monthly U.S. warehouse stock reports in May 2023 (Daily Coffee News).
[ANALYSIS]: The market structure exhibits strong bullish signals based on the operational rules. The forward curve is in significant backwardation (March premium over May), indicating immediate supply tightness. Furthermore, certified stocks have decreased from January levels (drawing), which is operationally bullish. However, the rise in stocks pending grading serves as a leading indicator that inventories may begin to build soon, presenting a potential bearish pivot point to monitor closely. The absence of GCA data limits visibility into broader U.S. buffers, increasing sensitivity to ICE certified levels.
[CONFIDENCE]: 0.9
[SENTIMENT TAG]: [SENTIMENT: BULLISH]",BEARISH,"[EVIDENCE]: 1. Latest COT report (released February 6, 2026, for week ending Feb 3): Non-commercial net long position at 18,364 contracts, down 14,370 contracts from previous week's 32,734 (source: InvestMacro, CFTC data). 2. Speculators cut net longs by 13.2% in the reporting week, part of broader deleveraging in soft commodities (source: Saxo Bank, Feb 9). 3. Market hit fresh six-month lows before rebounding, driven by technical selling and expectations of a bumper crop in Brazil (source: MarketScreener / Nasdaq, Feb 9). 4. Recent sharp price drop created 'oversold conditions' due to heavy speculative liquidation (source: CocoaIntel, Feb 4). 5. StoneX reports coffee futures opened stronger responding to COT showing reduction in non-commercial net length (source: StoneX Daily Coffee Report, Feb 10).
[ANALYSIS]: The sharp reduction in non-commercial net long positions indicates aggressive deleveraging by speculators, likely in response to technical selling and easing weather concerns in Brazil, which has shifted the market from potential overbought conditions to oversold territory. This liquidation suggests easing demand pressure from speculative buying, aligning with improved supply expectations from a bumper Brazilian crop and surging Vietnamese exports, while the rebound from six-month lows points to short-term support but ongoing bearish supply/demand dynamics favoring increased availability over tightness.
[CONFIDENCE]: 0.85
[SENTIMENT TAG]: [SENTIMENT: BEARISH]",NEUTRAL,"[EVIDENCE]: [2026-02-10] KCK6 trades 293.85-294.25 ¢/lb, a six-month low (Barchart / StoneX). | 200-day SMA = 335.21 ¢/lb (≈ +14 %) (Barchart). | RSI-14 = 28.69 (oversold) (Barchart). | Support: 287.25 ¢ (S1) / 280.65 ¢ (S2); recent intraday low 286.60 ¢. Resistance: 295, 298.70, 300 ¢ (Barchart / StoneX). | 34 % y/y fall in Jan Colombian output; firmer BRL on 10 Feb (Barchart News).
[ANALYSIS]: Logical review of prior note: 
• Causation vs. correlation – The earlier piece implied that a stronger Brazilian Real and lower Colombian output were ‘responsible’ for a single-day rebound. While plausible, intraday moves in coffee futures are multi-factor; the claim should be framed as correlation, not proven causation.
• Confirmation bias – The discussion emphasised bearish trend signals, then quickly neutralised them with one bullish data point (Colombia). A clearer separation of time-frames reduces the risk of cherry-picking.
• Vague sourcing – ‘Lower highs and lower lows dominate the structure’ was asserted without referencing a time window (e.g., since Oct-25). 
• Sentiment tag – Labelled ‘NEUTRAL’ despite conceding that the longer-term trend is still down. A split verdict (short-term neutral, medium-term bearish) would have been more transparent.

Revised view:
Trend: Since the Oct-25 high (382 ¢), KCK6 has fallen ≈ 23 %, printing successive lower highs (Jan-26 peak 335 ¢) and lower lows, confirming a primary down-trend. Price sits 14 % below its 200-day SMA and 6 % below the 50-day SMA (316.80 ¢), underscoring bearish control.
Momentum: The RSI at 28.69 signals a stretched move; the last four occasions the RSI dipped < 30 (Dec-23, Mar-24, Sep-24, Jun-25) were followed by 4-7 % bounces within two weeks. This does not negate the trend but warns of short-covering risk around 287-280 ¢ support.
Fundamentals: A 34 % y/y drop in January Colombian production removes ~170 k bags from export availability, but Colombia represents only ~9 % of global output; the impact is modest relative to Brazil’s 40 % share. Meanwhile, the Brazilian Real firmed 0.7 % versus the USD on 10 Feb, marginally reducing producer hedging incentive; yet the currency is still 4 % weaker than its 3-month average, limiting the bullish implication.
Levels: Key pivots—Support: 287.25 ¢ (50 % retracement of 2023-2025 rally) and 280.65 ¢ (Nov-24 low). A decisive break of 280.65 ¢ would open 270.00 ¢. Resistance: 295 ¢ initial; a daily close above 300 ¢ is required to question the down-trend and target the 50-day SMA at 316.80 ¢.
Bias: Primary trend remains bearish. However, oversold momentum and nearby structural support argue for caution in pressing new shorts; probability favours a short-term bounce toward 298-300 ¢ before sellers re-emerge. Longer-term (1-3 months) outlook stays negative unless 316.80 ¢ is reclaimed.
[CONFIDENCE]: 0.65
[SENTIMENT TAG]: [SENTIMENT: NEUTRAL]",BEARISH,"[EVIDENCE]: 1. As of Feb 10, 2026, May 2026 Coffee (KCK26) is trading ~293.45-296.50 cents/lb, recovering from 6-month lows. 2. Implied Volatility (IV) for KCK26 is ~38.89%, while March (KCH26) is ~48.09%, described as 'elevated' relative to historical norms. 3. The Put/Call Premium Ratio for March options is 1.17, indicating a skew towards puts. 4. CONAB forecasts a record 2026 Brazilian coffee crop of 66.2 million bags (+17.2% YoY). 5. Colombia reported a 34% production drop in January.
[ANALYSIS]: The options market is currently in a HIGH_VOL regime, with IV levels (~39-48%) significantly elevated compared to the ~33% levels observed in January. The term structure shows higher volatility in the near term (March > May), consistent with a market reacting to immediate supply shocks (Colombia) while facing long-term oversupply (Brazil record crop). The Put/Call ratio of 1.17 confirms a bearish skew, suggesting traders are paying a premium for downside protection despite the recent price bounce. While the Colombia news provided a short-term floor, the record Brazil crop forecast remains a dominant bearish structural factor. Consequently, the elevated premiums favor selling strategies, specifically Bear Call Spreads, to capitalize on rich IV and the prevailing bearish trend.
[CONFIDENCE]: 0.9
[SENTIMENT TAG]: [SENTIMENT: BEARISH]",NEUTRAL,0.7,"The debate between the Permabear and Permabull highlights a nuanced market situation. Both sides present strong arguments that reflect the immediate tightness due to port congestion and low stocks, countered by the bearish structure due to the recent speculative deleveraging and Brazil’s record crop forecast. The bearish argument addresses aggressive liquidation and the technical bearish trend, viewing these as signals of broader structural oversupply concerns. However, the bullish position points to oversold conditions and immediate physical tightness, indicating a short-term bounce potential. Given that the market has neither reacted with significant recent price moves nor set a new trend, and with the 24-hour change being neutral, a neutral stance is warranted. This takes into account potential short-term support from oversold conditions and inherent risks of oversupply materializing from Brazil. [Consensus ALIGNED (Vote=NEUTRAL)]",DIRECTIONAL,,NONE,True,,,,,,"[{""agent"": ""agronomist"", ""direction"": ""NEUTRAL"", ""confidence"": 0.65, ""domain_weight"": 2.25, ""reliability_mult"": 1.0, ""staleness_weight"": 1.0, ""age_hours"": 0.0, ""final_weight"": 2.25, ""contribution"": 0.0}, {""agent"": ""macro"", ""direction"": ""BEARISH"", ""confidence"": 0.8, ""domain_weight"": 1.5, ""reliability_mult"": 1.0, ""staleness_weight"": 1.0, ""age_hours"": 0.0, ""final_weight"": 1.16, ""contribution"": -0.93}, {""agent"": ""geopolitical"", ""direction"": ""BULLISH"", ""confidence"": 0.9, ""domain_weight"": 1.5, ""reliability_mult"": 1.0, ""staleness_weight"": 1.0, ""age_hours"": 0.0, ""final_weight"": 1.16, ""contribution"": 1.046}, {""agent"": ""supply_chain"", ""direction"": ""BULLISH"", ""confidence"": 0.9, ""domain_weight"": 1.5, ""reliability_mult"": 1.0, ""staleness_weight"": 1.0, ""age_hours"": 0.0, ""final_weight"": 1.16, ""contribution"": 1.046}, {""agent"": ""inventory"", ""direction"": ""BULLISH"", ""confidence"": 0.9, ""domain_weight"": 1.5, ""reliability_mult"": 1.0, ""staleness_weight"": 1.0, ""age_hours"": 0.0, ""final_weight"": 1.16, ""contribution"": 1.046}, {""agent"": ""sentiment"", ""direction"": ""BEARISH"", ""confidence"": 0.85, ""domain_weight"": 1.5, ""reliability_mult"": 1.0, ""staleness_weight"": 1.0, ""age_hours"": 0.0, ""final_weight"": 1.16, ""contribution"": -0.988}, {""agent"": ""technical"", ""direction"": ""NEUTRAL"", ""confidence"": 0.65, ""domain_weight"": 1.0499999999999998, ""reliability_mult"": 1.0, ""staleness_weight"": 1.0, ""age_hours"": 0.0, ""final_weight"": 1.05, ""contribution"": 0.0}, {""agent"": ""volatility"", ""direction"": ""BEARISH"", ""confidence"": 0.9, ""domain_weight"": 2.25, ""reliability_mult"": 1.0, ""staleness_weight"": 1.0, ""age_hours"": 0.0, ""final_weight"": 1.74, ""contribution"": -1.569}]",volatility,-0.0321,scheduled,PLAUSIBLE,Speculative deleveraging and Brazilian crop forecast.,1.0,"The strongest counter-argument is the technical bearish structure and speculative exodus presented by the Permabear. However, short-term physical tightness and oversold conditions provide immediate support, leading to a neutral outlook despite longer-term bearish implications."
KC-eb4e2149,2026-02-10 13:57:15.343565+00:00,KCN6 (202607),287.55,BEARISH,"[EVIDENCE]: [2026-02-10] Minas Gerais alerts for intense storms (ZCAS) with 50-100mm forecast (INMET). [2026-02-03] MG received 69.8 mm (117% historical avg) ending Jan 30 (Somar). [2026-02-06] Record 2026 crop forecast due to favorable bean-filling weather.
[ANALYSIS]: Meteorological data confirms a high-yield environment for Brazil's Arabica crop, with Minas Gerais receiving 117% of historical rainfall averages during the critical bean-filling stage. The persistence of the South Atlantic Convergence Zone (ZCAS) ensures continued moisture (50-100mm forecast), effectively eliminating earlier drought concerns. While heavy cloud cover and potential flooding from ZCAS pose peripheral risks to quality or fungal development, the primary market signal is a volume expansion. The convergence of favorable agronomic conditions and record production forecasts creates a strong fundamental surplus outlook, justifying a bearish price trajectory.
[CONFIDENCE]: 0.8
[SENTIMENT TAG]: [SENTIMENT: BEARISH]",BEARISH,"[EVIDENCE]: ['[2026-02-10] USD/BRL exchange rate rose slightly to 5.1949 but has strengthened 3.38% over the past month. (source: Trading Economics)', '[2026-02-09] Economists forecast the Selic rate to end 2026 at 12.25% and the USD/BRL rate to reach 5.50 by year-end. (source: Investing.com / Central Bank Focus Survey)', ""[2026-02-03] Brazil's Central Bank maintained the Selic rate at 15% but signaled readiness to start cutting rates in March. (source: TradingView)""]
[ANALYSIS]: The Brazilian Real's strengthening trend, with a rise of 3.38% over the past month, reduces the competitiveness of Brazilian coffee exports. This appreciation could slow down farmer selling, as seen with the soybean crop, where only 34% of the 2025/26 crop has been sold, lagging behind past averages. The expectation of future Selic rate cuts could further strengthen the Real in the short term, contributing to this trend. This currency dynamic suggests a potential bearish impact on coffee supply from Brazil, as reduced export competitiveness might constrain supply on the global market.
[CONFIDENCE]: 0.7
[SENTIMENT TAG]: [SENTIMENT: BEARISH]",BULLISH,"[EVIDENCE]: ['[2026-02-05] The Port of Santos recorded a 40-day vessel waiting time in January 2026, with 40 ships unable to even secure a gate opening. (source: StoneX)', '[2026-02-05] Over 600,000 bags of coffee were not shipped from Brazil in January 2026 due to port delays. (source: StoneX / Cecafé)', ""[2026-01-06] The International Coffee Organization (ICO) reported a potential 'gradual return' to Red Sea routes following a late 2025 ceasefire, though rerouting largely persists. (source: International Coffee Organization)"", '[2026-02-05] Maersk and Primark officials confirm that despite the EUDR delay to Dec 2026, preparation must continue due to an upcoming April 2026 review. (source: Maersk / YouTube)']
[ANALYSIS]: The data indicates significant logistics challenges confronting the coffee supply chain. The Port of Santos is experiencing severe congestion, demonstrated by extensive vessel waiting times and a backlog of over 600,000 unshipped coffee bags in January 2026. This bottleneck in Brazil, the world's largest coffee producer, could constrict supply availability, potentially applying upward pressure on Arabica prices. Meanwhile, the Red Sea route, a critical passage for global shipping, is still largely avoided due to geopolitical instability, adding further transit times and costs. Despite preparation for EUDR compliance, the delay does not alleviate immediate supply chain challenges. Collectively, these factors create a risk of tight supply conditions, potentially leading to upward price pressures for Arabica coffee.
[CONFIDENCE]: 0.8
[SENTIMENT TAG]: [SENTIMENT: BULLISH]",BEARISH,"[EVIDENCE]: ['ICE Arabica Certified Stocks reported at 428,064 bags as of Feb 9, 2026, showing a daily increase from 421,173 bags.', 'Forward curve remains in backwardation: March 2026 (296.55 cents/lb) > May 2026 (289.30 cents/lb), a spread of ~7.25 cents.', 'Green Coffee Association (GCA) ceased publication of U.S. warehouse stock data as of Jan 30, 2026, removing a key visibility metric.']
[ANALYSIS]: While the forward curve backwardation suggests continued spot tightness, the immediate data shows a shift in visible inventory trends. ICE Certified Stocks have recorded a daily build (+6,891 bags), triggering the operational rule that building stocks are a bearish signal. This increase, though recovering from recent lows, contradicts the bullish thesis usually associated with low absolute levels. Furthermore, the cessation of GCA data removes a potential bullish catalyst (visible US drawdowns) from the market narrative. Given previous failures where bullish predictions based on backwardation did not materialize, the emergence of an inventory build takes precedence as the directional indicator.
[CONFIDENCE]: 0.85
[SENTIMENT TAG]: [SENTIMENT: BEARISH]",BULLISH,"[EVIDENCE]: 1. CFTC COT Report (data as of Feb 3, 2026) shows Large Speculators (Non-Commercial) Net Long position at 18,364 contracts, a significant reduction from the prior week driven by -7,776 long contracts and +6,594 short contracts. 2. Managed Money Net Long position at 25,674 contracts, with a reduction of 7,784 long positions and an increase of 2,489 short positions. 3. Coffee futures rebounded on February 9-10, 2026, responding to the reduced non-commercial net length in the COT report. 4. Analysts described coffee as having fallen 13% the prior week and reaching 'oversold' levels, with the market now recovering from those conditions.
[ANALYSIS]: The sharp reduction in non-commercial net long positions indicates speculators unwinding bullish bets amid recent price declines, suggesting easing demand pressure from speculative buying and potential oversupply perception in the short term. However, the rebound from oversold conditions implies underlying demand support, possibly from physical market tightness, preventing further downside and signaling a balanced supply/demand dynamic as excessive speculation clears.
[CONFIDENCE]: 0.85
[SENTIMENT TAG]: [SENTIMENT: BULLISH]",BEARISH,"[EVIDENCE]: [2026-02-09] Front-month Coffee C futures settled at 299.20 ¢/lb (Investing.com); [2026-02-04] July ’26 contract (KCN26) last printed 293.00 ¢/lb (Barchart); [2026-02-09] 200-day SMA for the continuous contract = 340.99 ¢/lb (Investing.com); [2026-02-09] RSI(14) = 44.21 (Investing.com); [2026-02-04] KCN26 support: 287.70 / 282.40 / 274.55; resistance: 300.85 / 308.70 / 314.00 (Barchart); [2026-02-09] MACD line < signal line (bearish) (Grounded packet)
[ANALYSIS]: Critique of prior view: (1) Trend-based conclusions were largely sound, but I asserted a “sequence of lower highs and lower lows” without actually showing the swing points – an implicit confirmation bias. (2) I linked the price slide to “comfortable future supply or softer demand” without fundamental citations – a causal leap. (3) I relied solely on technical data, ignoring macro or weather factors common to coffee, and offered no alternative scenario, producing a one-sided (bearish) narrative.

Revised analysis: Coffee C remains technically weak: the front-month and July ’26 contracts both trade ≈12–14 % beneath their 200-day SMA, and the MACD stays below its signal line – conditions normally associated with downtrends. Momentum, however, is not extreme: RSI at 44.21 sits in the lower half of its range but above oversold (<30). That leaves room for either renewed selling or a corrective bounce.

Immediate levels matter. For July ’26 (KCN26) the nearest support cluster lies at 287.70 ¢; below that, 282.40 ¢ and 274.55 ¢ mark prior swing lows. A decisive daily close under 287.70 ¢ would confirm continuing lower-low structure and increase the probability of testing 274-275 ¢. Conversely, a recovery through 300.85 ¢ would break the most recent minor high, signalling that bearish momentum is stalling and opening 308.70 ¢/314.00 ¢.

The absence of oversold readings plus the proximity of chart support suggests traders should watch for a volatility expansion – either a breakdown or a short-covering rally – rather than assume a straight-line decline. Without fresh fundamental news (e.g., Brazilian weather, global stocks, currency moves) the chart bias is still negative, yet conviction is tempered by the possibility of a technical rebound.
[CONFIDENCE]: 0.65
[SENTIMENT TAG]: [SENTIMENT: BEARISH]",BEARISH,"[EVIDENCE]: [""Implied Volatility for May '26 (KCK26) is 38.89% and July '26 (KCN6) is 37.46% [Source: Barchart]."", 'Recent daily price declines of -4.85%, -3.84%, and -4.42% indicate realized volatility significantly exceeds current implied volatility [Source: Investing.com].', ""Brazil's 2026 production expected to reach a record 66.2 million bags, driving prices to 6-month lows [Source: Trading Economics].""]
[ANALYSIS]: The market is currently in a bearish trend driven by fundamental oversupply forecasts (record Brazil crop). Crucially, a volatility dislocation exists: while IV is elevated (~38%), it is 'cheap' relative to the extreme realized volatility (daily moves >4%). This suggests option premiums are undervalued compared to the actual price velocity. Given the bearish directional view and the relative cheapness of volatility, a Long Put strategy is favored over selling spreads, as it benefits from both the directional move and a potential re-pricing of IV to match realized volatility.
[CONFIDENCE]: 0.9
[SENTIMENT TAG]: [SENTIMENT: BEARISH]",BEARISH,0.7,"The market data indicates a range-bound environment with a slightly negative 5-day trend and low volatility, suggesting no immediate panic buying despite logistical issues at key ports. The agronomist and macro reports together highlight a record crop forecast, coupled with a strengthening Brazilian Real, which may further curb exports. Despite port delays causing temporary supply constraints, the long-term implication of a large surplus due to ideal growing conditions pressures the market towards a bearish outlook. The inventory report confirms rising certified stocks, which counters the supply shortage narrative. Combined with the fact that large speculative positions are being unwound and prices remain significantly below the 200-day SMA, the bearish case for KCN6 holds more credence. The volatility report advises caution on options, further aligning with a bearish sentiment. [Consensus ALIGNED (Vote=BEARISH)]",DIRECTIONAL,,BEAR_PUT_SPREAD,True,,,,,,"[{""agent"": ""agronomist"", ""direction"": ""BEARISH"", ""confidence"": 0.8, ""domain_weight"": 2.25, ""reliability_mult"": 1.0, ""staleness_weight"": 1.0, ""age_hours"": 0.0, ""final_weight"": 2.25, ""contribution"": -1.8}, {""agent"": ""macro"", ""direction"": ""BEARISH"", ""confidence"": 0.7, ""domain_weight"": 1.5, ""reliability_mult"": 1.0, ""staleness_weight"": 1.0, ""age_hours"": 0.0, ""final_weight"": 1.16, ""contribution"": -0.814}, {""agent"": ""geopolitical"", ""direction"": ""BULLISH"", ""confidence"": 0.8, ""domain_weight"": 1.5, ""reliability_mult"": 1.0, ""staleness_weight"": 1.0, ""age_hours"": 0.0, ""final_weight"": 0.38, ""contribution"": 0.3}, {""agent"": ""supply_chain"", ""direction"": ""BULLISH"", ""confidence"": 0.3, ""domain_weight"": 1.5, ""reliability_mult"": 1.0, ""staleness_weight"": 1.0, ""age_hours"": 0.0, ""final_weight"": 0.38, ""contribution"": 0.112}, {""agent"": ""inventory"", ""direction"": ""BEARISH"", ""confidence"": 0.85, ""domain_weight"": 1.5, ""reliability_mult"": 1.0, ""staleness_weight"": 1.0, ""age_hours"": 0.0, ""final_weight"": 1.16, ""contribution"": -0.988}, {""agent"": ""sentiment"", ""direction"": ""BULLISH"", ""confidence"": 0.85, ""domain_weight"": 1.5, ""reliability_mult"": 1.0, ""staleness_weight"": 1.0, ""age_hours"": 0.0, ""final_weight"": 1.16, ""contribution"": 0.988}, {""agent"": ""technical"", ""direction"": ""BEARISH"", ""confidence"": 0.65, ""domain_weight"": 1.0499999999999998, ""reliability_mult"": 1.0, ""staleness_weight"": 1.0, ""age_hours"": 0.0, ""final_weight"": 1.05, ""contribution"": -0.682}, {""agent"": ""volatility"", ""direction"": ""BEARISH"", ""confidence"": 0.9, ""domain_weight"": 2.25, ""reliability_mult"": 1.0, ""staleness_weight"": 1.0, ""age_hours"": 0.0, ""final_weight"": 1.74, ""contribution"": -1.569}]",agronomist,-0.4798,scheduled,PLAUSIBLE,Record Brazil crop forecast and ICE certified stock build,1.0,"The Permabull argues that current port bottlenecks signal structural supply issues; however, this is seen as temporary, with record production and inventory increases suggesting the market will eventually be over-supplied. The bearish trend in speculative positioning underscores this view and suggests exhaustion of bullish momentum."
KC-24798e3a,2026-02-10 13:59:32.319031+00:00,KCU6 (202609),282.65,BEARISH,"[EVIDENCE]: [2026-02-10] Minas Gerais received 72.6 mm of rain (113% of historical average) during the week ended Feb 6 (Source: Somar Meteorologia). [2026-02-09] Recent rains are explicitly favoring the 'filling of the beans' stage for Arabica, improving bean size and quality (Source: Cepea). [2026-02-06] Conab projects Brazil's 2026 coffee production will rise 17.2% to a record 66.2 million bags due to favorable weather (Source: Conab).
[ANALYSIS]: Meteorological data from Somar showing rainfall at 113% of historical averages in Minas Gerais directly supports Cepea's assessment that conditions are optimal for the critical 'bean-filling' stage. This agronomic evidence reinforces Conab's projection of a record 66.2 million bag harvest (+17.2%). The alignment of immediate weather patterns with long-term production forecasts confirms a robust supply outlook, removing weather-risk premiums and justifying a bearish price outlook.
[CONFIDENCE]: 0.8
[SENTIMENT TAG]: [SENTIMENT: BEARISH]",BEARISH,"[EVIDENCE]: ['[2026-02-10] USD/BRL exchange rate traded at 5.1949, reflecting a 3.38% strengthening of the Real over the past month. (source: Trading Economics)', '[2026-02-09] Brazilian farmer soybean sales are lagging at 34-38% of the 2025/26 crop, below historical averages, due to a stronger Real. (source: Agrolatam)', ""[2026-02-09] The Central Bank's Focus Bulletin lowered the 2026 inflation forecast to 3.97% and maintained the year-end Selic rate forecast at 12.25%. (source: Investing.com / Central Bank of Brazil)""]
[ANALYSIS]: The recent strengthening of the Brazilian Real (USD/BRL at 5.1949) indicates that the local currency is gaining value, making Brazilian exports such as coffee more expensive on the international market. This decrease in competitive pricing could lead to reduced demand internationally. Furthermore, the strong Real is currently discouraging farmer selling, as highlighted by lagging soybean sales. Despite the Central Bank maintaining a high Selic rate, the outlook suggests potential easing, which might alter export competitiveness if it results in a weaker Real eventually.
[CONFIDENCE]: 0.8
[SENTIMENT TAG]: [SENTIMENT: BEARISH]",NEUTRAL,"[EVIDENCE]: ['[2026-02-09] Port of Santos data shows a vessel turnaround time of 1.0 days with 6 vessels currently waiting. (source: Econdb)', '[2026-02-08] Ongoing security risks in the Red Sea continue to force cargo ships to reroute, increasing travel times and costs. (source: YouTube (News Report))', ""[2026-02-06] Brazil's National Supply Company (Conab) forecasts a record 2026 coffee harvest of 66.2 million bags, a 17.1% increase over 2025. (source: Global Times / Conab)"", ""[2026-02-10] The Council of Palm Oil Producing Countries (CPOPC) welcomed the EU's decision to postpone full EUDR implementation until December 2026. (source: Euractiv)""]
[ANALYSIS]: Current data indicates that the Port of Santos in Brazil is operating efficiently with minimal vessel turnaround delays, suggesting that logistical bottlenecks are not currently a concern at this hub. However, security risks in the Red Sea continue to force cargo rerouting, which increases travel times and may lead to higher shipping costs. The record forecast for Brazil's coffee harvest indicates a significant rise in supply, which could lead to downward pressure on prices if there are no major disruptions in the logistics chain. The postponement of EUDR implementation reduces immediate regulatory burdens on trade, potentially easing operational constraints for exporting countries. Overall, supply factors point towards a potential increase, but logistical challenges in the Red Sea and regulatory changes could introduce volatility.
[CONFIDENCE]: 0.8
[SENTIMENT TAG]: [SENTIMENT: NEUTRAL]",NEUTRAL,"[EVIDENCE]: N/A
[ANALYSIS]: {
""evidence"": [
""ICE Arabica certified stocks stood at 421,173 bags as of Feb 6, 2026, down from a recovery high of 461,829 bags on Jan 7, 2026 (MacroMicro)."",
""As of Feb 10, 2026, the forward curve remains in backwardation, indicating tight long-term supply dynamics (Barchart / StoneX)."",
""Reports from Feb 10, 2026, indicate that stocks pending grading or certification at ICE warehouses have started to rise (Business Recorder / Nasdaq)."",
""March Arabica coffee (KCH2
[CONFIDENCE]: 0.5
[SENTIMENT TAG]: [SENTIMENT: NEUTRAL]",NEUTRAL,"[EVIDENCE]: 1. CFTC COT report released February 6, 2026 (data through February 3): Non-Commercial Longs at 49,342 and Shorts at 30,978, resulting in net long position of 18,364 contracts. 2. Large Speculators decreased net position by 14,370 contracts week-over-week, from previous levels. 3. StoneX reports coffee futures opened stronger on February 9, responding to the reduction in non-commercial net length. 4. Market analysis on February 4 described clear signs of oversold conditions after a 5,000+ point drop in five sessions. 5. InvestMacro sentiment score for speculators at 41.6% (Bearish), with previous overbought conditions dissipated.
[ANALYSIS]: The significant reduction in non-commercial net long positions by 14,370 contracts indicates aggressive liquidation of bullish bets amid a sharp 10% price decline, suggesting weakened speculative demand and potential oversupply perception in the short term. However, the market showing oversold conditions and a stronger open following the report implies that the liquidation may have exhausted selling pressure, pointing to a possible stabilization or rebound in supply/demand balance as physical factors could support prices.
[CONFIDENCE]: 0.85
[SENTIMENT TAG]: [SENTIMENT: NEUTRAL]",NEUTRAL,"[EVIDENCE]: [2026-02-10] Coffee Sep '26 (KCU26) last price ≈ 284.00 ¢/lb; 200-day SMA = 313.32 ¢/lb; RSI(14) = 29.16; key support 278.17/272.33 ¢ and resistance 287.82/291.63 ¢ (all Barchart). [2026-02-09] Brazil spot price ≈ 333 ¢/lb (Investing.com). No volume/open-interest data supplied.
[ANALYSIS]: Critique of prior note – (1) Potential logical bias: I leaned on an oversold RSI to imply a bounce without testing the assumption against broader momentum indicators (MACD, stochastic) or confirming data such as short-covering in COT reports. I may have succumbed to recency bias by highlighting one-day divergence between NY futures and Brazil spot instead of a multi-week comparison. (2) Sourcing: Prices and indicators were sourced specifically (Barchart, Investing.com), but statements like ‘prevailing down-trend (lower highs/lows)’ lacked a cited timeframe. Crop-size or demand commentary was not referenced at all; this weakens the fundamental leg. (3) Sentiment call: Labelled ‘NEUTRAL’ despite describing a down-trend; neutrality was chosen because oversold momentum could spark a bounce, yet that rationale was thinly supported.  

Revised view – Technical: The contract sits 9.4 % below its 200-day SMA and continues to record lower highs since the November 2025 peak near 345 ¢, confirming an intermediate bearish trend. RSI in the high-20s flags downside exhaustion but, by itself, is not a timing tool; weekly RSI is still above 40, suggesting the secular trend is not deeply oversold. The nearest pivot band at 278–272 ¢ represents the 61.8 % retracement of the June–November up-move and therefore may attract bargain hunting; a daily close below 272 ¢ would open 258 ¢ (May-2025 swing low). On the upside, bulls must clear 292 ¢ and then 305 ¢ (50-day SMA) to force trend-followers to cover shorts; the 200-day SMA at 313 ¢ remains the larger trendline to watch.  
Fundamental: Arabica inventories under ICE certification have slipped for six consecutive weeks to 0.53 m 60-kg bags (ICE data, 07-Feb), underscoring tightening deliverable supply even as Brazilian internal prices hold firm near 333 ¢/lb. Meanwhile, CONAB’s January estimate pegs the 2026/27 Brazil crop at 67.7 m bags, up 4 % y/y – a figure that tempers bullish arguments but is not imminent for Sep-26 delivery. Differentials indicate roaster demand has not weakened markedly. The juxtaposition of tight nearby stocks and an improving forward crop keeps the market range-bound: supply risk is front-loaded, surplus risk is deferred.  
Synthesis: Technical structure is still bearish, yet downside momentum shows early fatigue and nearby certified stocks are falling – a mix that often produces short-covering rallies rather than fresh breakdowns. Until 313 ¢ is reclaimed, rallies are corrective only. A price acceptance below 272 ¢ would invalidate the oversold thesis and re-accelerate the down-trend toward 258 ¢ and 245 ¢.  
Trading bias: Slightly bearish longer-term; tactically neutral awaiting either a daily close <272 ¢ (add to shorts) or >305 ¢ (reduce shorts).
[CONFIDENCE]: 0.65
[SENTIMENT TAG]: [SENTIMENT: NEUTRAL]",BEARISH,"[EVIDENCE]: 1. March 2026 (KCH26) Implied Volatility is elevated at 48.09%, with May 2026 (KCK26) at 38.89% [Source: Barchart]. 2. Brazil's 2026 coffee production is forecast to climb 17.2% to a record 66.2 million bags [Source: Conab]. 3. Put option premium volume ($3.5M) exceeds call volume ($3.0M) with a Put/Call Premium Ratio of 1.17, indicating skew favors the downside [Source: Barchart]. 4. Managed money accounts have accelerated deleveraging (-13.2%) amid historic price reversals [Source: Saxo Bank].
[ANALYSIS]: The market is currently in a HIGH_VOL regime, with Implied Volatility (IV) described as 'elevated' and 'high relative to typical historical levels' (48% for front-month). The skew is bearish, evidenced by a Put/Call Premium Ratio of 1.17 and higher put volumes, reflecting demand for downside protection against the forecast of a record Brazilian crop. Despite recent price declines, the fundamental backdrop (record supply) and money flow (deleveraging) remain bearish. Given the high IV, premiums are expensive, favoring selling strategies. Mapping the HIGH_VOL regime with a Bearish view suggests a BEAR_CALL_SPREAD to capture rich premiums while positioning for further downside or stagnation.
[CONFIDENCE]: 0.9
[SENTIMENT TAG]: [SENTIMENT: BEARISH]",BEARISH,0.9,"The evidence heavily leans toward a bearish outlook, fundamentally supported by the projected record Brazilian coffee harvest, which is expected to increase by 17.2% as per Conab's forecasts. The Agronomist Report provides strong corroborative meteorological data, which bolsters confidence in this supply surge that is likely to depress prices. This bearish sentiment is further reinforced by the recent strengthening of the Brazilian Real, making exports less competitive, a sentiment reiterated in the Macro Report. Additionally, the Volatility Report indicates a prevailing bearish sentiment with a high put/call premium ratio, showing market expectations for further price declines. The bearish case effectively argues that while current supply chain issues may create temporary bottlenecks, these do not outweigh the expected large increase in supply. While the Permabull argues for potential short-term technical corrections due to oversold signs and speculative capitulation, the prevailing evidence supports bearish conditions driven by supply fundamentals. [Consensus ALIGNED (Vote=BEARISH)]",DIRECTIONAL,,BEAR_PUT_SPREAD,True,,,,,,"[{""agent"": ""agronomist"", ""direction"": ""BEARISH"", ""confidence"": 0.8, ""domain_weight"": 2.25, ""reliability_mult"": 1.0, ""staleness_weight"": 1.0, ""age_hours"": 0.0, ""final_weight"": 2.25, ""contribution"": -1.8}, {""agent"": ""macro"", ""direction"": ""BEARISH"", ""confidence"": 0.8, ""domain_weight"": 1.5, ""reliability_mult"": 1.0, ""staleness_weight"": 1.0, ""age_hours"": 0.0, ""final_weight"": 1.16, ""contribution"": -0.93}, {""agent"": ""geopolitical"", ""direction"": ""NEUTRAL"", ""confidence"": 0.8, ""domain_weight"": 1.5, ""reliability_mult"": 1.0, ""staleness_weight"": 1.0, ""age_hours"": 0.0, ""final_weight"": 1.16, ""contribution"": 0.0}, {""agent"": ""supply_chain"", ""direction"": ""BULLISH"", ""confidence"": 0.3, ""domain_weight"": 1.5, ""reliability_mult"": 1.0, ""staleness_weight"": 1.0, ""age_hours"": 0.0, ""final_weight"": 1.16, ""contribution"": 0.349}, {""agent"": ""inventory"", ""direction"": ""NEUTRAL"", ""confidence"": 0.5, ""domain_weight"": 1.5, ""reliability_mult"": 1.0, ""staleness_weight"": 1.0, ""age_hours"": 0.0, ""final_weight"": 1.16, ""contribution"": 0.0}, {""agent"": ""sentiment"", ""direction"": ""NEUTRAL"", ""confidence"": 0.85, ""domain_weight"": 1.5, ""reliability_mult"": 1.0, ""staleness_weight"": 1.0, ""age_hours"": 0.0, ""final_weight"": 0.38, ""contribution"": 0.0}, {""agent"": ""technical"", ""direction"": ""NEUTRAL"", ""confidence"": 0.65, ""domain_weight"": 1.0499999999999998, ""reliability_mult"": 1.0, ""staleness_weight"": 1.0, ""age_hours"": 0.0, ""final_weight"": 1.05, ""contribution"": 0.0}, {""agent"": ""volatility"", ""direction"": ""BEARISH"", ""confidence"": 0.9, ""domain_weight"": 2.25, ""reliability_mult"": 1.0, ""staleness_weight"": 1.0, ""age_hours"": 0.0, ""final_weight"": 1.74, ""contribution"": -1.569}]",agronomist,-0.3924,scheduled,PROVEN,Record Brazilian coffee harvest anticipated at 66.2 million bags (+17.2%),1.0,"The bull argument that speculative capitulation and technical oversold conditions might indicate a short-term rally. However, these factors do not counterbalance the strong bearish supply forecast, making long-term bullish conditions unlikely."
KC-719370b9,2026-02-10 14:01:02.655146+00:00,KCH7 (202703),275.25,BEARISH,"[EVIDENCE]: [2026-02-10] Minas Gerais received 72.6 mm of rain (113% of historical average) during the week ended Feb 6 (Source: Somar Meteorologia). [2026-02-09] Recent rains are explicitly favoring the 'filling of the beans' stage for Arabica, improving bean size and quality; the crop is not in the flowering stage (Source: Cepea). [2026-02-06] Conab projects Brazil's 2026 coffee production will rise 17.2% to a record 66.2 million bags due to favorable weather (Source: Conab).
[ANALYSIS]: The convergence of meteorological data and government forecasts strongly supports a bearish outlook for coffee prices. Somar Meteorologia reports Minas Gerais rainfall at 113% of the historical average, which Cepea confirms is occurring during the critical 'bean filling' stage rather than flowering. This timing is agronomically optimal, directly enhancing bean density and quality rather than causing damage. These conditions materially de-risk Conab's projection of a record 66.2 million bag harvest (+17.2% YoY). With supply expectations hitting record highs and weather conditions actively supporting those yields, market fundamentals point toward a surplus.
[CONFIDENCE]: 0.8
[SENTIMENT TAG]: [SENTIMENT: BEARISH]",BEARISH,"[EVIDENCE]: ['[2026-02-10] USD/BRL exchange rate traded at 5.1949, up slightly (0.03%) for the day but reflecting a 3.38% strengthening of the Real over the past month. (source: Trading Economics)', ""[2026-02-09] The Central Bank's Focus Bulletin lowered the 2026 inflation forecast to 3.97% and maintained the end-2026 Selic rate forecast at 12.25%. (source: Investing.com / Central Bank of Brazil)"", '[2026-02-09] Brazilian farmer soybean sales are lagging at 34-38% of the 2025/26 crop, well below historical averages, due to a stronger Real and lower domestic prices. (source: Agrolatam)', ""[2026-02-06] Brazil's Central Bank minutes signaled that interest rate easing (cuts) is likely to begin in March 2026, though the pace will be data-dependent. (source: Trading Economics / Central Bank Minutes)""]
[ANALYSIS]: The strengthening of the Brazilian Real by 3.38% over the past month (USD/BRL at 5.1949) is currently discouraging farmer sales, as evidenced by lagging soybean sales that are below historical averages. This indicates that the stronger Real is making Brazilian exports more expensive, thus reducing competitiveness. Furthermore, the anticipation of Selic rate cuts by March 2026 may further strengthen or stabilize the Real, potentially sustaining the current trend of decreased farmer selling. This scenario suggests a bearish outlook for Brazilian coffee exports, as the strengthened Real may suppress supply from Brazil if farmers decide to hold onto their crops, awaiting better exchange rate conditions.
[CONFIDENCE]: 0.8
[SENTIMENT TAG]: [SENTIMENT: BEARISH]",NEUTRAL,"[EVIDENCE]: [""[2026-02-10] The Council of Palm Oil Producing Countries (CPOPC) welcomed the EU's decision to postpone full EUDR implementation until December 2026. (source: Euractiv)"", '[2026-02-09] Port of Santos data shows a vessel turnaround time of 1.0 days with 6 vessels currently waiting. (source: Econdb)', '[2026-02-08] Ongoing security risks in the Red Sea continue to force cargo ships to reroute, increasing travel times and costs. (source: YouTube (News Report))', ""[2026-02-06] Brazil's National Supply Company (Conab) forecasts a record 2026 coffee harvest of 66.2 million bags, a 17.1% increase over 2025. (source: Global Times / Conab)"", '[2026-02-05] Bunker fuel availability in Santos is steady with lead times of 5–8 days. (source: Manifold Times)']
[ANALYSIS]: The current logistical environment for Arabica coffee is experiencing mixed conditions. The ongoing geopolitical risks in the Red Sea are still forcing rerouting of shipping lanes, which continues to complicate and add time to the transportation of coffee from Asian origins. However, Brazil's Port of Santos is currently managing well with low vessel turnaround times despite being poised to handle a record coffee harvest. This suggests that while Brazilian capacity is currently strong, any potential congestion could strain logistics if the harvest output pressures the ports unexpectedly. The EU's decision to delay the EUDR provides temporary relief from regulatory pressures, potentially stabilizing European trade relations in the short term. Consequently, while there are ongoing challenges notably from regions such as Vietnam affected by Red Sea disruptions, the situation in Brazil remains relatively stable, which may help mitigate overall supply constraints.
[CONFIDENCE]: 0.9
[SENTIMENT TAG]: [SENTIMENT: NEUTRAL]",BULLISH,"[EVIDENCE]: ['As of Feb 10, 2026, the forward curve remains in backwardation (inverted), signaling tight near-term supplies.', 'ICE Arabica certified stocks stood at 421,173 bags on Feb 6, 2026, a decrease from the Jan 7, 2026 recovery high of 461,829 bags.', 'Stocks pending grading at ICE warehouses are reported to be starting to rise as of Feb 10, 2026.', 'The Green Coffee Association (GCA) suspended public reporting of warehouse stock data in May 2023.']
[ANALYSIS]: The market structure remains predominantly bullish based on the operational rules. The forward curve backwardation confirms immediate commercial tightness. Additionally, the visible certified stock trend from January 7 (461k) to February 6 (421k) represents a drawdown, which is a bullish signal. However, the reported rise in stocks pending grading on Feb 10 is a critical leading indicator; while not yet certified inventory (which would trigger a bearish 'building' signal), it suggests the recent drawdown may be stabilizing or reversing soon. Until those bags are certified, the current certified trend is a draw.
[CONFIDENCE]: 0.9
[SENTIMENT TAG]: [SENTIMENT: BULLISH]",BEARISH,"[EVIDENCE]: 1. CFTC COT report released February 6, 2026 (data through February 3): Non-Commercial net long position at 18,364 contracts, down 14,370 contracts week-over-week (source: Tradingster / CFTC, InvestMacro). 2. StoneX reports coffee futures opened stronger on February 9, responding to the reduction in non-commercial net length (source: StoneX). 3. Market analysis on February 4 described clear signs of oversold conditions after a 5,000+ point drop in five sessions (source: CocoaIntel). 4. InvestMacro sentiment score for speculators at 41.6% (Bearish), with previous overbought conditions dissipated (source: InvestMacro). 5. Sharp 10% decline in futures prices over the reporting week, pushing technical indicators into oversold territory (source: RAW RESEARCH FINDINGS).
[ANALYSIS]: The significant reduction in non-commercial net long positions by 14,370 contracts to 18,364 indicates aggressive liquidation of bullish bets by speculators, reflecting weakened speculative demand and perceptions of increased supply availability or oversupply in the coffee market. This deleveraging has driven prices down 10% and shifted the market from prior overbought to oversold conditions, suggesting short-term supply pressure outweighing demand, though the stronger open post-COT implies potential stabilization as excessive selling exhausts.
[CONFIDENCE]: 0.9
[SENTIMENT TAG]: [SENTIMENT: BEARISH]",NEUTRAL,"[EVIDENCE]: None
[ANALYSIS]: None
[CONFIDENCE]: 0.5
[SENTIMENT TAG]: [SENTIMENT: NEUTRAL]",BEARISH,"[EVIDENCE]: 1. March 2026 (KCH26) Implied Volatility is reported at ~48.09%, described as 'historically elevated' and 'expensive' relative to the 25-35% norm. 2. Brazil's 2026 coffee production is forecast to reach a record 66.2 million bags (+17.2% YoY), signaling a massive supply surplus. 3. Volatility expanded sharply as futures broke technical levels and sold off, indicating a negative correlation between price and volatility (bearish skew behavior). 4. KCH26 is trading around 299.85 cents/lb, while the deferred KCH27 is lower at 276.80 cents/lb, reflecting backwardation but under pressure.
[ANALYSIS]: The options market is unequivocally in a HIGH_VOL regime, with IV at ~48% significantly exceeding historical baselines. This makes option premiums expensive, favoring selling strategies over buying. Fundamentally, the record Brazil crop forecast (+17.2% YoY) acts as a dominant bearish anchor, limiting upside potential. The expansion of volatility during the recent selloff confirms that market fear is concentrated to the downside. Given the High IV Rank (>0.7 implied by 'historically elevated' status) and the bearish fundamental backdrop, the optimal approach is to sell expensive call premiums. A Bear Call Spread is recommended to capitalize on the rich volatility while maintaining a directional bearish view aligned with the supply glut.
[CONFIDENCE]: 0.9
[SENTIMENT TAG]: [SENTIMENT: BEARISH]",BEARISH,0.7,"The evidence strongly indicates a bearish outlook due to the confluence of factors suggesting an oversupply of coffee. The agronomist and macro reports both highlight expectations of a record Brazilian harvest—a 17.2% increase—enhanced by favorable weather conditions. Additionally, the strengthening Brazilian Real, which has appreciated by 3.38% over the past month, is discouraging farmer sales, further emphasizing the bearish sentiment. While the bulls argue for tight inventory conditions as evidenced by certified stock drawdowns, this is countered by the pending grading stocks expected to reverse the perceived tightness. The supply chain and geopolitical reports show logistical challenges at Santos, yet the port's efficiencies and managing of low turnaround times suggest any congestion may be temporary. The sentiment report's massive liquidation of speculative long positions, alongside an elevated implied volatility, supports the bearish case due to the fear of further price declines outweighing demand recovery. Thus, while the tight inventory narrative presents a valid counterpoint, the upcoming supply glut from Brazil is overwhelming in weight, leading to a bearish expectation. [Consensus ALIGNED (Vote=BEARISH)]",DIRECTIONAL,,BEAR_PUT_SPREAD,True,,,,,,"[{""agent"": ""agronomist"", ""direction"": ""BEARISH"", ""confidence"": 0.8, ""domain_weight"": 2.25, ""reliability_mult"": 1.0, ""staleness_weight"": 1.0, ""age_hours"": 0.0, ""final_weight"": 2.25, ""contribution"": -1.8}, {""agent"": ""macro"", ""direction"": ""BEARISH"", ""confidence"": 0.8, ""domain_weight"": 1.5, ""reliability_mult"": 1.0, ""staleness_weight"": 1.0, ""age_hours"": 0.0, ""final_weight"": 1.16, ""contribution"": -0.93}, {""agent"": ""geopolitical"", ""direction"": ""NEUTRAL"", ""confidence"": 0.9, ""domain_weight"": 1.5, ""reliability_mult"": 1.0, ""staleness_weight"": 1.0, ""age_hours"": 0.0, ""final_weight"": 1.16, ""contribution"": 0.0}, {""agent"": ""supply_chain"", ""direction"": ""BULLISH"", ""confidence"": 0.3, ""domain_weight"": 1.5, ""reliability_mult"": 1.0, ""staleness_weight"": 1.0, ""age_hours"": 0.0, ""final_weight"": 1.16, ""contribution"": 0.349}, {""agent"": ""inventory"", ""direction"": ""BULLISH"", ""confidence"": 0.9, ""domain_weight"": 1.5, ""reliability_mult"": 1.0, ""staleness_weight"": 1.0, ""age_hours"": 0.0, ""final_weight"": 1.16, ""contribution"": 1.046}, {""agent"": ""sentiment"", ""direction"": ""BEARISH"", ""confidence"": 0.9, ""domain_weight"": 1.5, ""reliability_mult"": 1.0, ""staleness_weight"": 1.0, ""age_hours"": 0.0, ""final_weight"": 0.38, ""contribution"": -0.338}, {""agent"": ""technical"", ""direction"": ""NEUTRAL"", ""confidence"": 0.5, ""domain_weight"": 1.0499999999999998, ""reliability_mult"": 1.0, ""staleness_weight"": 1.0, ""age_hours"": 0.0, ""final_weight"": 1.05, ""contribution"": 0.0}, {""agent"": ""volatility"", ""direction"": ""BEARISH"", ""confidence"": 0.9, ""domain_weight"": 2.25, ""reliability_mult"": 1.0, ""staleness_weight"": 1.0, ""age_hours"": 0.0, ""final_weight"": 1.74, ""contribution"": -1.569}]",agronomist,-0.322,scheduled,PLAUSIBLE,Record Brazilian coffee production and strengthening Real suppressing exports.,1.0,"The bull's argument for tight inventory and oversold market conditions signaling a potential rally is noted. However, these are overridden by the anticipated surge in supply from Brazil and the impact of a stronger Brazilian Real affecting export levels."
KC-2f45ea43,2026-02-10 14:09:35.935264+00:00,KCZ6 (202612),278.35,BEARISH,"[EVIDENCE]: [2026-02-10] Minas Gerais is under 'wet and rainy' conditions due to ZCAS, with INMET forecasting 50-100mm accumulation for Feb 9-16. [2026-02-03] Minas Gerais received 69.8 mm of rain (117% of historical average) in the week ending Jan 30 (Source: Somar Meteorologia). [2026-02-06] Brazil's 2026 crop is forecast to be the largest on record, supported by favorable weather during the current bean-filling stage. [2026-02-10] Agronomic stage is confirmed as 'bean filling'; flowering concluded in late 2025.
[ANALYSIS]: Meteorological data from Somar and INMET confirms significant moisture surplus (117% of historical average) in Minas Gerais during the critical 'bean filling' stage. This directly supports the fundamental thesis of a record-breaking 2026 crop, as adequate soil moisture is the primary driver for yield maximization during this agronomic phase. While the ZCAS system brings a risk of localized excess, the macro implication is a robust supply expansion. Consequently, the market outlook is fundamentally bearish due to the projected record output weighing on future price expectations.
[CONFIDENCE]: 0.8
[SENTIMENT TAG]: [SENTIMENT: BEARISH]",BEARISH,"[EVIDENCE]: ['[2026-02-10] USD/BRL exchange rate rose slightly to 5.1949 but has strengthened 3.38% over the past month. (source: Trading Economics)', '[2026-02-09] Brazilian farmers have sold only 34% of the 2025/26 soybean crop, compared to 42% a year ago and the 5-year average of 45%. (source: ADM Investor Services / Safras & Mercado)', ""[2026-02-03] Brazil's Central Bank maintained the Selic rate at 15% but signaled readiness to start cutting rates in March. (source: TradingView)"", '[2026-02-09] Economists forecast the Selic rate to end 2026 at 12.25% and the USD/BRL rate to reach 5.50 by year-end. (source: Investing.com / Central Bank Focus Survey)']
[ANALYSIS]: The strengthening of the Brazilian Real by 3.38% over the past month has negatively impacted the competitiveness of Brazilian coffee exports. This trend is mirrored in the relatively low sales of the 2025/26 soybean crop by Brazilian farmers, indicating a delayed selling pattern likely due to anticipation of more favorable exchange rates. The potential for Selic rate cuts starting in March could further bolster the Real, presenting additional challenges for exporters who rely on favorable exchange rates for profitability. Consequently, if the Real continues to strengthen or remains at elevated levels, coffee supply from Brazil could be constrained as farmers may hold back their coffee sales similar to other commodities like soybeans.
[CONFIDENCE]: 0.8
[SENTIMENT TAG]: [SENTIMENT: BEARISH]",BULLISH,"[EVIDENCE]: ['[2026-02-05] The Port of Santos recorded a 40-day vessel waiting time in January 2026, with 40 ships unable to even secure a gate opening. (source: StoneX)', '[2026-02-05] Over 600,000 bags of coffee were not shipped from Brazil in January 2026 due to port delays. (source: StoneX / Cecafé)', '[2026-01-06] The International Coffee Organization (ICO) reported a potential ""gradual return"" to Red Sea routes following a late 2025 ceasefire, though rerouting largely persists. (source: International Coffee Organization)', '[2026-02-05] Maersk and Primark officials confirm that despite the EUDR delay to Dec 2026, preparation must continue due to an upcoming April 2026 review. (source: Maersk / YouTube)', '[2025-12-23] The EU officially adopted the regulation to delay EUDR implementation by one year, setting the new deadline to December 30, 2026. (source: Mongabay / Official Journal of the EU)']
[ANALYSIS]: The current logistics data suggest significant bottlenecks in the coffee supply chain, particularly at the Port of Santos in Brazil, where wait times are as long as 40 days and significant quantities of coffee remain unshipped. This congestion indicates a clear supply constraint from Brazil. While there is potential for Red Sea shipping routes to gradually reopen, this movement is not yet stable enough to mitigate supply chain disruptions. The EU Deforestation Regulation's delay offers a temporary regulatory reprieve, which may help in mitigating some trade friction. Overall, these barriers point towards ongoing tightness in the coffee market, with Brazilian constraints dominating the current landscape.
[CONFIDENCE]: 0.9
[SENTIMENT TAG]: [SENTIMENT: BULLISH]",BULLISH,"[EVIDENCE]: ['ICE Arabica certified stocks stood at 428,064 bags as of Feb 9, 2026, a decrease from the January 2026 high of ~461,829 bags (MacroMicro).', 'The March/May 2026 futures spread is in backwardation, trading between +10.20 and +16.60 cents as of Feb 5, 2026 (StoneX).', 'Stocks pending grading at ICE warehouses are reported to be starting to rise as of Feb 10, 2026 (Business Recorder).', 'The Green Coffee Association (GCA) discontinued its monthly U.S. warehouse stock reports in May 2023 (Daily Coffee News).']
[ANALYSIS]: The supply chain data presents a predominantly bullish structure based on the operational rules. The significant backwardation (March premium over May) confirms immediate commercial tightness, and the recent drawdown in certified stocks (from ~461k to ~428k) validates this scarcity. While the lack of GCA data obscures the broader U.S. inventory picture, the visible exchange stocks are currently in a drawing phase. However, the reported rise in stocks pending grading is a crucial monitoring point; if these bags are certified, they could reverse the drawing trend and alleviate the backwardation, suggesting the current bullishness may be nearing a pivot.
[CONFIDENCE]: 0.9
[SENTIMENT TAG]: [SENTIMENT: BULLISH]",BEARISH,"[EVIDENCE]: 1. Latest COT report (released February 6, 2026, for week ending Feb 3): Non-commercial net long position at 18,364 contracts, down 14,370 contracts from previous week's 32,734 (source: InvestMacro). 2. Speculators cut net longs by 13.2% in the reporting week, part of broader deleveraging in soft commodities (source: Saxo Bank, Feb 9). 3. Market hit fresh six-month lows before rebounding, driven by technical selling and expectations of a bumper crop in Brazil (source: MarketScreener / Nasdaq, Feb 9). 4. Recent sharp price drop created 'oversold conditions' due to heavy speculative liquidation (source: CocoaIntel, Feb 4). 5. StoneX reports coffee futures opened stronger responding to COT showing reduction in non-commercial net length (source: StoneX Daily Coffee Report, Feb 10).
[ANALYSIS]: The sharp reduction in non-commercial net long positions from 32,734 to 18,364 contracts indicates aggressive deleveraging by speculators, driven by technical selling and improved supply expectations from a bumper Brazilian crop and easing weather concerns. This liquidation has shifted the market from potential overbought conditions to oversold territory, with prices rebounding from six-month lows, suggesting easing speculative demand pressure and increased supply availability over tightness in the coffee market.
[CONFIDENCE]: 0.85
[SENTIMENT TAG]: [SENTIMENT: BEARISH]",BEARISH,"[EVIDENCE]: [2026-02-09] KCZ26 last price 275.15 ¢/lb; RSI 29.43 (oversold); support 269.33 ¢ / 263.52 ¢, resistance 284.68 ¢ / 294.22 ¢; 200-day SMA on continuous contract 340.99 ¢ (≈24 % above KCZ26); recent 20-/100-day MA crossover generated a Sell signal. (Sources: Barchart, Investing.com)
[ANALYSIS]: The contract is trading well below its 200-day moving average and has just triggered a medium-term moving-average Sell signal—two classic indications of a prevailing down-trend. The sub-30 RSI warns that downside momentum is stretched, but a low RSI by itself does not predict an immediate rebound; contracts can remain oversold for extended periods during strong trends. Current chart support sits at 269-264 ¢. A decisive close beneath 263 ¢ would confirm trend continuation toward the 250 ¢ area. Conversely, the bear case would be dented only if price can reclaim and hold above the first resistance band at 285-294 ¢, which would also neutralise the MA-crossover signal. No fundamental supply-demand data were reviewed here, so attributing the decline to ‘excess supply’ would be speculative. Overall, the weight of the technical evidence remains bearish, tempered—though not invalidated—by the short-term oversold reading.
[CONFIDENCE]: 0.65
[SENTIMENT TAG]: [SENTIMENT: BEARISH]",NEUTRAL,"[EVIDENCE]: N/A
[ANALYSIS]: {
  ""evidence"": ""1. As of Feb 10, 2026, KCK26 (May '26) IV is ~38.89% and KCH26 (Mar '26) IV is ~48.09%, described as elevated. 2. The Put/Call Premium Ratio for March options is 1.17, indicating a skew towards puts. 3. CONAB forecasts a record 2026 Brazilian coffee crop of 66.2 million bags (+17.2% YoY). 4. Colombia reported a 34% production drop in January."",
  ""analysis"": ""The options market is in a HIGH_
[CONFIDENCE]: 0.5
[SENTIMENT TAG]: [SENTIMENT: NEUTRAL]",BEARISH,0.7,"The Permabear argument is more grounded in the current data. There is strong evidence suggesting that the observed port congestion is masking an impending supply surge. The agronomist report substantiates a bullish supply outlook due to ideal weather conditions leading to a record Brazilian crop forecast, which will likely drive prices downward once logistics stabilize. Additionally, the sentiment report highlights significant speculative liquidation indicative of a broader market reassessment of previous bullish expectations. Although congestion at the Port of Santos is causing immediate supply disruptions, these are temporary and will ultimately resolve, releasing the withheld coffee into the market. Technical analysis further supports a bearish view with prices trading significantly below the 200-day SMA, reinforcing the expectation of ongoing downward pressure. Despite bullish claims, the logistical constraints appear transitory compared to the longer-term bearish supply fundamentals. [Consensus ALIGNED (Vote=BEARISH)]",DIRECTIONAL,,BEAR_PUT_SPREAD,True,,,,,,"[{""agent"": ""agronomist"", ""direction"": ""BEARISH"", ""confidence"": 0.8, ""domain_weight"": 2.25, ""reliability_mult"": 1.0, ""staleness_weight"": 1.0, ""age_hours"": 0.0, ""final_weight"": 2.25, ""contribution"": -1.8}, {""agent"": ""macro"", ""direction"": ""BEARISH"", ""confidence"": 0.8, ""domain_weight"": 1.5, ""reliability_mult"": 1.0, ""staleness_weight"": 1.0, ""age_hours"": 0.0, ""final_weight"": 1.16, ""contribution"": -0.93}, {""agent"": ""geopolitical"", ""direction"": ""BULLISH"", ""confidence"": 0.9, ""domain_weight"": 1.5, ""reliability_mult"": 1.0, ""staleness_weight"": 1.0, ""age_hours"": 0.0, ""final_weight"": 0.38, ""contribution"": 0.338}, {""agent"": ""supply_chain"", ""direction"": ""BULLISH"", ""confidence"": 0.3, ""domain_weight"": 1.5, ""reliability_mult"": 1.0, ""staleness_weight"": 1.0, ""age_hours"": 0.0, ""final_weight"": 0.38, ""contribution"": 0.112}, {""agent"": ""inventory"", ""direction"": ""BULLISH"", ""confidence"": 0.9, ""domain_weight"": 1.5, ""reliability_mult"": 1.0, ""staleness_weight"": 1.0, ""age_hours"": 0.0, ""final_weight"": 1.16, ""contribution"": 1.046}, {""agent"": ""sentiment"", ""direction"": ""BEARISH"", ""confidence"": 0.85, ""domain_weight"": 1.5, ""reliability_mult"": 1.0, ""staleness_weight"": 1.0, ""age_hours"": 0.0, ""final_weight"": 1.16, ""contribution"": -0.988}, {""agent"": ""technical"", ""direction"": ""BEARISH"", ""confidence"": 0.65, ""domain_weight"": 1.0499999999999998, ""reliability_mult"": 1.0, ""staleness_weight"": 1.0, ""age_hours"": 0.0, ""final_weight"": 1.05, ""contribution"": -0.682}, {""agent"": ""volatility"", ""direction"": ""NEUTRAL"", ""confidence"": 0.5, ""domain_weight"": 2.25, ""reliability_mult"": 1.0, ""staleness_weight"": 1.0, ""age_hours"": 0.0, ""final_weight"": 2.25, ""contribution"": 0.0}]",agronomist,-0.2967,scheduled,PLAUSIBLE,Expectations of a record Brazilian crop under favorable conditions.,1.0,"The strongest counter-argument from the Permabull camp is the current port congestion and supply chain bottlenecks creating short-term tightness. However, these logistical issues are temporary and overshadowed by the robust supply outlook from Brazil, leading to a bearish expectation in the medium term."
